id,date,price,lat,lon
1,1/1,268.88,40.837874,-73.905894
2,1/1,268.88,40.637561,-74.110266
3,1/1,268.88,40.637561,-74.110266
4,1/1,268.88,40.841387,-73.834681
5,1/1,268.88,40.841387,-73.834681
6,1/1,268.88,40.671272,-73.907963
7,1/1,268.88,40.671272,-73.907963
8,1/1,268.88,40.714142,-73.988695
9,1/1,268.88,40.821060,-73.918083
10,1/1,268.88,40.821060,-73.918083
11,1/1,268.88,40.816570,-73.909018
12,1/1,268.88,40.816590,-73.906657
13,1/1,268.88,40.816059,-73.906974
14,1/1,268.88,40.753747,-73.963948
15,1/1,268.88,40.788681,-73.943826
16,1/1,268.88,40.756260,-73.947471
17,1/2,268.88,40.680200,-73.949763
18,1/2,268.88,40.686393,-73.954830
19,1/2,268.88,40.686765,-73.941997
20,1/2,268.88,40.686765,-73.941997
21,1/2,268.88,40.821960,-73.917053
22,1/2,268.88,40.821976,-73.919006
23,1/2,268.88,40.783261,-73.944813
24,1/3,268.88,40.637084,-73.957799
25,1/3,268.88,40.652998,-73.734060
26,1/3,268.88,40.652250,-73.734099
27,1/3,268.88,40.612749,-73.963740
28,1/3,268.88,40.596570,-73.772455
29,1/3,268.88,40.801062,-73.934213
30,1/3,268.88,40.801405,-73.933814
31,1/4,268.99,40.664965,-73.922870
32,1/4,268.99,40.730004,-73.983525
33,1/4,268.99,40.595047,-73.784531
34,1/4,268.99,40.821060,-73.918083
35,1/4,268.99,40.732267,-73.813685
36,1/4,268.99,40.835095,-73.922696
37,1/4,268.99,40.757343,-73.966557
38,1/4,268.99,40.757343,-73.966557
39,1/4,268.99,40.757343,-73.966557
40,1/5,269.1,40.651264,-73.940052
41,1/5,269.1,40.600625,-74.003594
42,1/5,269.1,40.784945,-73.953588
43,1/5,269.1,40.784945,-73.953588
44,1/5,269.1,40.784945,-73.953588
45,1/5,269.1,40.589862,-73.979994
46,1/5,269.1,40.589862,-73.979994
47,1/5,269.1,40.821976,-73.919006
48,1/5,269.1,40.623101,-74.082144
49,1/5,269.1,40.591920,-73.982754
50,1/5,269.1,40.848998,-73.916452
51,1/7,269.1,40.760950,-73.938634
52,1/7,269.1,40.762140,-73.937825
53,1/7,269.1,40.679888,-73.949792
54,1/7,269.1,40.679888,-73.949792
55,1/7,269.1,40.835223,-73.920242
56,1/7,269.1,40.667615,-73.864847
57,1/7,269.1,40.595688,-74.000213
58,1/8,269.11,40.648300,-73.928069
59,1/8,269.11,40.811223,-73.937144
60,1/8,269.11,40.821441,-73.890115
61,1/9,269.04,40.679781,-73.938426
62,1/9,269.04,40.633966,-74.085750
63,1/9,269.04,40.633966,-74.085750
64,1/9,269.04,40.633966,-74.085750
65,1/9,269.04,40.796020,-73.940530
66,1/9,269.04,40.796020,-73.940530
67,1/9,269.04,40.614389,-74.083854
68,1/9,269.04,40.666055,-73.952052
69,1/9,269.04,40.817144,-73.905321
70,1/9,269.04,40.817144,-73.905321
71,1/9,269.04,40.753983,-73.942382
72,1/9,269.04,40.848998,-73.916452
73,1/9,269.04,40.781956,-73.945688
74,1/10,268.97,40.663333,-73.960607
75,1/10,268.97,40.663333,-73.960607
76,1/10,268.97,40.643241,-73.948759
77,1/10,268.97,40.643241,-73.948759
78,1/10,268.97,40.643241,-73.948759
79,1/10,268.97,40.654676,-73.917036
80,1/10,268.97,40.652910,-73.944970
81,1/10,268.97,40.723279,-73.975633
82,1/10,268.97,40.750771,-73.968439
83,1/10,268.97,40.750771,-73.968439
84,1/10,268.97,40.644125,-73.930333
85,1/11,268.93,40.597218,-73.991075
86,1/11,268.93,40.610473,-73.750278
87,1/11,268.93,40.666914,-73.903990
88,1/11,268.93,40.652928,-73.959327
89,1/11,268.93,40.652928,-73.959327
90,1/11,268.93,40.652928,-73.959327
91,1/11,268.93,40.652928,-73.959327
92,1/11,268.93,40.722867,-73.975935
93,1/11,268.93,40.598372,-73.987939
94,1/12,268.89,40.726303,-73.974116
95,1/12,268.89,40.658363,-73.930079
96,1/12,268.89,40.658363,-73.930079
97,1/12,268.89,40.722216,-73.977307
98,1/12,268.89,40.722216,-73.977307
99,1/12,268.89,40.674794,-73.937503
100,1/12,268.89,40.815603,-73.904760
101,1/12,268.89,40.809969,-73.936043
102,1/12,268.89,40.788058,-73.944277
103,1/12,268.89,40.830310,-73.936488
104,1/13,268.8,40.815603,-73.904760
105,1/13,268.8,40.744230,-73.986841
106,1/13,268.8,40.572257,-73.996311
107,1/13,268.8,40.837040,-73.905692
108,1/13,268.8,40.755330,-73.991177
109,1/13,268.8,40.834842,-73.907488
110,1/13,268.8,40.650391,-73.958709
111,1/13,268.8,40.675537,-73.870995
112,1/14,268.76,40.680169,-73.950144
113,1/14,268.76,40.833336,-73.907951
114,1/14,268.76,40.833427,-73.907773
115,1/14,268.76,40.674981,-73.736916
116,1/14,268.76,40.837874,-73.905894
117,1/14,268.76,40.631900,-73.943654
118,1/14,268.76,40.631900,-73.943654
119,1/14,268.76,40.643467,-73.944909
120,1/15,268.61,40.639187,-73.929409
121,1/15,268.61,40.787235,-73.943752
122,1/15,268.61,40.680676,-73.949608
123,1/15,268.61,40.682548,-73.950009
124,1/15,268.61,40.680375,-73.949508
125,1/15,268.61,40.639826,-73.983818
126,1/15,268.61,40.619738,-73.989566
127,1/15,268.61,40.619738,-73.989566
128,1/15,268.61,40.619738,-73.989566
129,1/15,268.61,40.833575,-73.908504
130,1/16,268.67,40.773972,-73.932434
131,1/16,268.67,40.787380,-73.945339
132,1/16,268.67,40.754615,-73.943084
133,1/16,268.67,40.698402,-73.929244
134,1/16,268.67,40.595892,-73.938717
135,1/16,268.67,40.595892,-73.938717
136,1/16,268.67,40.788267,-73.939517
137,1/16,268.67,40.788058,-73.944277
138,1/16,268.67,40.788058,-73.944277
139,1/16,268.67,40.788058,-73.944277
140,1/16,268.67,40.701505,-73.827912
141,1/16,268.67,40.701505,-73.827912
142,1/16,268.67,40.712784,-74.005941
143,1/16,268.67,40.662591,-73.965236
144,1/16,268.67,40.725698,-73.740312
145,1/16,268.67,40.725698,-73.740312
146,1/17,268.67,40.824834,-73.906216
147,1/17,268.67,40.758949,-73.995945
148,1/17,268.67,40.602505,-73.748662
149,1/17,268.67,40.602505,-73.748662
150,1/17,268.67,40.680290,-73.947713
151,1/17,268.67,40.613327,-74.087160
152,1/17,268.67,40.613327,-74.087160
153,1/17,268.67,40.613327,-74.087160
154,1/17,268.67,40.613327,-74.087160
155,1/17,268.67,40.613327,-74.087160
156,1/17,268.67,40.678963,-73.949647
157,1/17,268.67,40.678382,-73.949693
158,1/17,268.67,40.679636,-73.949585
159,1/17,268.67,40.822798,-73.917883
160,1/17,268.67,40.703414,-73.740584
161,1/18,268.52,40.624423,-74.082629
162,1/18,268.52,40.794298,-73.947492
163,1/18,268.52,40.797006,-73.964885
164,1/18,268.52,40.797006,-73.964885
165,1/18,268.52,40.635746,-74.119127
166,1/18,268.52,40.635746,-74.119127
167,1/18,268.52,40.574028,-73.999890
168,1/18,268.52,40.574028,-73.999890
169,1/18,268.52,40.574028,-73.999890
170,1/18,268.52,40.814226,-73.910175
171,1/18,268.52,40.689474,-73.786061
172,1/19,268.32,40.709474,-74.005132
173,1/19,268.32,40.709474,-74.005132
174,1/19,268.32,40.666950,-73.909623
175,1/19,268.32,40.666950,-73.909623
176,1/19,268.32,40.666950,-73.909623
177,1/19,268.32,40.605556,-73.993685
178,1/19,268.32,40.606425,-73.756400
179,1/19,268.32,40.606425,-73.756400
180,1/19,268.32,40.606425,-73.756400
181,1/19,268.32,40.668008,-73.907318
182,1/19,268.32,40.668008,-73.907318
183,1/19,268.32,40.631277,-73.886025
184,1/19,268.32,40.631277,-73.886025
185,1/19,268.32,40.794298,-73.947492
186,1/19,268.32,40.797677,-73.964920
187,1/20,268.17,40.662202,-73.978854
188,1/20,268.17,40.631277,-73.886025
189,1/20,268.17,40.676370,-73.919576
190,1/21,268.15,40.678963,-73.949647
191,1/21,268.15,40.821482,-73.919467
192,1/22,268.16,40.818125,-73.907395
193,1/22,268.16,40.818125,-73.907395
194,1/22,268.16,40.784945,-73.953588
195,1/22,268.16,40.634521,-73.918801
196,1/22,268.16,40.634521,-73.918801
197,1/22,268.16,40.574136,-73.997814
198,1/22,268.16,40.799776,-73.933092
199,1/22,268.16,40.799776,-73.933092
200,1/22,268.16,40.670590,-73.909860
201,1/22,268.16,40.609015,-73.751404
202,1/23,268.1,40.622861,-74.082136
203,1/23,268.1,40.620860,-73.990382
204,1/23,268.1,40.620860,-73.990382
205,1/23,268.1,40.620860,-73.990382
206,1/23,268.1,40.577930,-73.998219
207,1/23,268.1,40.734304,-73.813401
208,1/23,268.1,40.734304,-73.813401
209,1/23,268.1,40.573856,-73.998790
210,1/23,268.1,40.573856,-73.998790
211,1/23,268.1,40.841721,-73.910274
212,1/23,268.1,40.695229,-73.793977
213,1/24,268.06,40.807543,-73.913655
214,1/25,268.11,40.668980,-73.863939
215,1/25,268.11,40.805429,-73.942537
216,1/25,268.11,40.799717,-73.947495
217,1/25,268.11,40.800133,-73.948408
218,1/25,268.11,40.836997,-73.939412
219,1/25,268.11,40.644719,-73.924941
220,1/25,268.11,40.685888,-73.917272
221,1/25,268.11,40.685888,-73.917272
222,1/25,268.11,40.654117,-73.913684
223,1/25,268.11,40.819943,-73.919340
224,1/26,268.19,40.843617,-73.934875
225,1/26,268.19,40.843617,-73.934875
226,1/26,268.19,40.843617,-73.934875
227,1/26,268.19,40.843617,-73.934875
228,1/26,268.19,40.820031,-73.920043
229,1/27,268.22,40.636347,-74.119567
230,1/27,268.22,40.832960,-73.908519
231,1/28,268.43,40.631837,-73.885656
232,1/28,268.43,40.631837,-73.885656
233,1/28,268.43,40.634308,-73.884531
234,1/28,268.43,40.600639,-73.984374
235,1/28,268.43,40.632862,-73.947699
236,1/28,268.43,40.632862,-73.947699
237,1/28,268.43,40.595791,-74.062065
238,1/28,268.43,40.595791,-74.062065
239,1/29,268.48,40.729409,-73.978028
240,1/29,268.48,40.804325,-73.937710
241,1/30,268.59,40.621536,-73.946237
242,1/30,268.59,40.621536,-73.946237
243,1/30,268.59,40.593004,-73.988742
244,1/30,268.59,40.638508,-73.943784
245,1/30,268.59,40.798657,-73.944413
246,1/30,268.59,40.572257,-73.996311
247,1/30,268.59,40.609909,-73.922431
248,1/30,268.59,40.609909,-73.922431
249,1/30,268.59,40.674580,-73.736039
250,1/30,268.59,40.674580,-73.736039
251,1/31,268.53,40.699202,-73.931280
252,1/31,268.53,40.699202,-73.931280
253,1/31,268.53,40.614389,-74.083854
254,1/31,268.53,40.803816,-73.942063
255,1/31,268.53,40.618946,-73.933313
256,1/31,268.53,40.709878,-73.738861
257,2/1,268.5,40.577930,-73.998219
258,2/1,268.5,40.821838,-73.905218
259,2/1,268.5,40.821838,-73.905218
260,2/1,268.5,40.794751,-73.939005
261,2/2,268.58,40.833650,-73.906338
262,2/2,268.58,40.643533,-73.943985
263,2/2,268.58,40.697187,-73.784221
264,2/2,268.58,40.609541,-74.159097
265,2/2,268.58,40.609541,-74.159097
266,2/2,268.58,40.609541,-74.159097
267,2/2,268.58,40.666011,-73.866446
268,2/2,268.58,40.798978,-73.949251
269,2/2,268.58,40.667813,-73.865554
270,2/3,268.64,40.601284,-73.748974
271,2/3,268.64,40.601284,-73.748974
272,2/3,268.64,40.836536,-73.904279
273,2/3,268.64,40.671145,-73.926902
274,2/3,268.64,40.798978,-73.949251
275,2/4,268.63,40.822747,-73.949846
276,2/4,268.63,40.709560,-73.996746
277,2/4,268.63,40.664679,-73.909130
278,2/4,268.63,40.800133,-73.948408
279,2/4,268.63,40.833991,-73.905743
280,2/4,268.63,40.676958,-74.007192
281,2/4,268.63,40.675980,-74.008194
282,2/5,268.64,40.823170,-73.919193
283,2/5,268.64,40.641648,-73.937057
284,2/5,268.64,40.600637,-73.984824
285,2/6,268.66,40.681290,-73.951980
286,2/6,268.66,40.824920,-73.902775
287,2/6,268.66,40.674896,-74.002504
288,2/7,268.58,40.715179,-73.749380
289,2/7,268.58,40.830109,-73.946946
290,2/7,268.58,40.830109,-73.946946
291,2/7,268.58,40.653501,-73.935416
292,2/7,268.58,40.653501,-73.935416
293,2/7,268.58,40.653501,-73.935416
294,2/7,268.58,40.635342,-73.885337
295,2/7,268.58,40.635342,-73.885337
296,2/7,268.58,40.635342,-73.885337
297,2/7,268.58,40.635342,-73.885337
298,2/7,268.58,40.720628,-73.977784
299,2/7,268.58,40.720628,-73.977784
300,2/8,268.49,40.612328,-73.975790
301,2/8,268.49,40.612328,-73.975790
302,2/8,268.49,40.676623,-73.790669
303,2/8,268.49,40.676623,-73.790669
304,2/8,268.49,40.602505,-73.748662
305,2/8,268.49,40.602505,-73.748662
306,2/8,268.49,40.796313,-73.938272
307,2/8,268.49,40.619892,-73.911380
308,2/8,268.49,40.619680,-73.914859
309,2/8,268.49,40.619680,-73.914859
310,2/8,268.49,40.619680,-73.914859
311,2/8,268.49,40.574850,-73.989768
312,2/8,268.49,40.637161,-74.086542
313,2/8,268.49,40.826050,-73.902836
314,2/9,268.45,40.663728,-73.953849
315,2/9,268.45,40.663728,-73.953849
316,2/9,268.45,40.663167,-73.945880
317,2/9,268.45,40.817492,-73.960664
318,2/9,268.45,40.632262,-74.137669
319,2/9,268.45,40.797702,-73.946037
320,2/9,268.45,40.593387,-73.753148
321,2/9,268.45,40.593387,-73.753148
322,2/9,268.45,40.801405,-73.933814
323,2/9,268.45,40.688401,-73.951164
324,2/9,268.45,40.834025,-73.904694
325,2/10,268.4,40.578920,-73.998406
326,2/10,268.4,40.577365,-73.990829
327,2/10,268.4,40.646388,-73.970845
328,2/10,268.4,40.646388,-73.970845
329,2/10,268.4,40.646388,-73.970845
330,2/10,268.4,40.674201,-73.937609
331,2/10,268.4,40.674201,-73.937609
332,2/10,268.4,40.832692,-73.906319
333,2/11,268.38,40.674112,-73.998073
334,2/11,268.38,40.668216,-73.902129
335,2/11,268.38,40.598211,-73.748161
336,2/11,268.38,40.679121,-73.870369
337,2/11,268.38,40.679121,-73.870369
338,2/11,268.38,40.679121,-73.870369
339,2/11,268.38,40.824460,-73.903003
340,2/11,268.38,40.823850,-73.902667
341,2/12,268.32,40.765696,-73.891890
342,2/12,268.32,40.677358,-74.010199
343,2/12,268.32,40.677358,-74.010199
344,2/12,268.32,40.824340,-73.904196
345,2/12,268.32,40.805248,-73.934689
346,2/12,268.32,40.805248,-73.934689
347,2/12,268.32,40.608564,-73.994137
348,2/13,268.3,40.667615,-73.864847
349,2/14,268.21,40.797960,-73.943026
350,2/14,268.21,40.792199,-73.947737
351,2/14,268.21,40.776779,-73.934510
352,2/14,268.21,40.776779,-73.934510
353,2/14,268.21,40.772702,-73.932675
354,2/14,268.21,40.772702,-73.932675
355,2/14,268.21,40.905859,-73.847463
356,2/14,268.21,40.905859,-73.847463
357,2/14,268.21,40.632803,-73.883927
358,2/14,268.21,40.811258,-73.948970
359,2/14,268.21,40.634141,-73.928504
360,2/15,268.14,40.637138,-73.933683
361,2/15,268.14,40.637138,-73.933683
362,2/15,268.14,40.651042,-73.935810
363,2/15,268.14,40.782937,-73.944099
364,2/15,268.14,40.782937,-73.944099
365,2/15,268.14,40.748107,-73.947355
366,2/15,268.14,40.784057,-73.952642
367,2/15,268.14,40.784057,-73.952642
368,2/16,267.95,40.651404,-73.937148
369,2/16,267.95,40.822904,-73.904713
370,2/16,267.95,40.773972,-73.932434
371,2/16,267.95,40.773972,-73.932434
372,2/16,267.95,40.787969,-73.938220
373,2/16,267.95,40.787969,-73.938220
374,2/17,268.06,40.738775,-73.986989
375,2/17,268.06,40.690486,-73.939515
376,2/17,268.06,40.641925,-74.086677
377,2/17,268.06,40.641925,-74.086677
378,2/17,268.06,40.684189,-73.989181
379,2/18,268.09,40.834353,-73.904806
380,2/18,268.09,40.825794,-73.947557
381,2/18,268.09,40.825794,-73.947557
382,2/18,268.09,40.719401,-74.003759
383,2/18,268.09,40.693268,-73.986663
384,2/18,268.09,40.723945,-73.979219
385,2/18,268.09,40.656212,-73.887312
386,2/18,268.09,40.656212,-73.887312
387,2/18,268.09,40.656212,-73.887312
388,2/18,268.09,40.759163,-73.988378
389,2/18,268.09,40.759163,-73.988378
390,2/18,268.09,40.759163,-73.988378
391,2/18,268.09,40.634375,-73.884172
392,2/19,268.03,40.719150,-73.734319
393,2/19,268.03,40.719150,-73.734319
394,2/19,268.03,40.695633,-73.979867
395,2/19,268.03,40.595688,-74.000213
396,2/19,268.03,40.591645,-73.786180
397,2/19,268.03,40.596365,-73.764765
398,2/19,268.03,40.650720,-73.897093
399,2/19,268.03,40.722581,-73.757269
400,2/19,268.03,40.722581,-73.757269
401,2/19,268.03,40.624520,-73.911449
402,2/19,268.03,40.824217,-73.905130
403,2/19,268.03,40.724081,-73.745941
404,2/20,267.99,40.637749,-74.076869
405,2/20,267.99,40.637749,-74.076869
406,2/20,267.99,40.737289,-73.995152
407,2/20,267.99,40.737289,-73.995152
408,2/20,267.99,40.691929,-73.926316
409,2/20,267.99,40.691929,-73.926316
410,2/20,267.99,40.756567,-73.990276
411,2/20,267.99,40.661637,-73.882714
412,2/20,267.99,40.661637,-73.882714
413,2/20,267.99,40.661637,-73.882714
414,2/20,267.99,40.659447,-73.918789
415,2/20,267.99,40.659447,-73.918789
416,2/20,267.99,40.642042,-73.981226
417,2/20,267.99,40.675279,-73.926225
418,2/20,267.99,40.820813,-73.853444
419,2/20,267.99,40.825857,-73.937256
420,2/20,267.99,40.826059,-73.866885
421,2/20,267.99,40.826059,-73.866885
422,2/20,267.99,40.826059,-73.866885
423,2/20,267.99,40.684295,-73.808005
424,2/20,267.99,40.661190,-73.960274
425,2/20,267.99,40.730193,-73.813260
426,2/21,268.01,40.830995,-73.938628
427,2/21,268.01,40.676861,-74.006936
428,2/21,268.01,40.676861,-74.006936
429,2/21,268.01,40.672558,-73.998838
430,2/21,268.01,40.822122,-73.896884
431,2/22,267.94,40.756392,-73.909417
432,2/22,267.94,40.756392,-73.909417
433,2/22,267.94,40.729753,-73.986817
434,2/22,267.94,40.670559,-73.942609
435,2/22,267.94,40.651108,-73.943833
436,2/22,267.94,40.700542,-73.854646
437,2/22,267.94,40.610550,-73.752312
438,2/22,267.94,40.724924,-73.974014
439,2/22,267.94,40.789641,-73.943698
440,2/22,267.94,40.604920,-73.998459
441,2/22,267.94,40.793331,-73.947393
442,2/22,267.94,40.794437,-73.946998
443,2/22,267.94,40.794437,-73.946998
444,2/23,267.95,40.679596,-73.886634
445,2/23,267.95,40.818000,-73.845331
446,2/23,267.95,40.661108,-73.919030
447,2/23,267.95,40.856193,-73.901512
448,2/23,267.95,40.856193,-73.901512
449,2/23,267.95,40.856193,-73.901512
450,2/23,267.95,40.856193,-73.901512
451,2/23,267.95,40.856193,-73.901512
452,2/23,267.95,40.856193,-73.901512
453,2/24,267.86,40.833336,-73.907951
454,2/24,267.86,40.711133,-73.810350
455,2/24,267.86,40.833121,-73.906799
456,2/24,267.86,40.682932,-73.990038
457,2/25,267.7,40.668824,-73.804804
458,2/25,267.7,40.575922,-73.991139
459,2/25,267.7,40.575922,-73.991139
460,2/25,267.7,40.836603,-73.903141
461,2/25,267.7,40.800336,-73.934552
462,2/26,267.67,40.677571,-73.750543
463,2/26,267.67,40.722442,-73.978354
464,2/26,267.67,40.823037,-73.903638
465,2/26,267.67,40.624386,-73.946431
466,2/26,267.67,40.624386,-73.946431
467,2/26,267.67,40.624386,-73.946431
468,2/26,267.67,40.630349,-73.945437
469,2/26,267.67,40.630349,-73.945437
470,2/26,267.67,40.630349,-73.945437
471,2/27,267.72,40.832867,-73.937030
472,2/27,267.72,40.645109,-73.979880
473,2/27,267.72,40.666914,-73.903990
474,2/27,267.72,40.666914,-73.903990
475,2/27,267.72,40.727250,-73.986943
476,2/27,267.72,40.728026,-73.747639
477,2/27,267.72,40.864481,-73.918935
478,2/27,267.72,40.683188,-73.987412
479,2/28,267.69,40.717683,-73.737881
480,2/28,267.69,40.788930,-73.945422
481,2/28,267.69,40.679888,-73.949792
482,2/28,267.69,40.671272,-73.907963
483,2/28,267.69,40.671272,-73.907963
484,2/28,267.69,40.675891,-73.921495
485,2/28,267.69,40.687573,-73.938954
486,2/28,267.69,40.815223,-73.957908
487,2/28,267.69,40.727992,-73.726674
488,2/28,267.69,40.716329,-73.743876
489,2/28,267.69,40.703748,-73.727766
490,3/1,267.69,40.628763,-73.918257
491,3/1,267.69,40.678441,-73.924228
492,3/1,267.69,40.678441,-73.924228
493,3/1,267.69,40.685363,-73.968272
494,3/1,267.69,40.835650,-73.907170
495,3/1,267.69,40.832298,-73.908473
496,3/1,267.69,40.837586,-73.905961
497,3/1,267.69,40.834445,-73.907911
498,3/1,267.69,40.748983,-73.715910
499,3/2,267.62,40.633405,-73.923055
500,3/2,267.62,40.633405,-73.923055
501,3/2,267.62,40.572064,-73.995032
502,3/2,267.62,40.813407,-73.946490
503,3/2,267.62,40.821838,-73.905218
504,3/3,267.55,40.684189,-73.989181
505,3/3,267.55,40.684189,-73.989181
506,3/3,267.55,40.724069,-73.995344
507,3/4,267.56,40.682584,-73.988753
508,3/4,267.56,40.620872,-73.988420
509,3/4,267.56,40.620872,-73.988420
510,3/5,267.59,40.661979,-73.957060
511,3/5,267.59,40.662966,-73.957171
512,3/5,267.59,40.697761,-73.793319
513,3/5,267.59,40.619587,-74.078066
514,3/5,267.59,40.619587,-74.078066
515,3/5,267.59,40.656755,-73.938396
516,3/5,267.59,40.754800,-73.944022
517,3/5,267.59,40.662402,-73.937336
518,3/5,267.59,40.638748,-73.948656
519,3/6,267.53,40.763080,-73.999562
520,3/6,267.53,40.763080,-73.999562
521,3/6,267.53,40.824217,-73.905130
522,3/6,267.53,40.824217,-73.905130
523,3/7,267.51,40.639993,-73.994307
524,3/7,267.51,40.627970,-73.930783
525,3/7,267.51,40.844014,-73.935452
526,3/7,267.51,40.830965,-73.869547
527,3/8,267.51,40.665795,-73.905506
528,3/8,267.51,40.756353,-73.944556
529,3/8,267.51,40.720628,-73.977784
530,3/8,267.51,40.720628,-73.977784
531,3/8,267.51,40.639311,-73.958963
532,3/9,267.44,40.810718,-73.936137
533,3/9,267.44,40.669340,-73.871805
534,3/9,267.44,40.637007,-74.129313
535,3/9,267.44,40.831106,-73.942960
536,3/9,267.44,40.831106,-73.942960
537,3/9,267.44,40.831106,-73.942960
538,3/9,267.44,40.831106,-73.942960
539,3/9,267.44,40.682134,-73.988381
540,3/9,267.44,40.572004,-73.997626
541,3/9,267.44,40.572004,-73.997626
542,3/10,267.52,40.599628,-73.750576
543,3/10,267.52,40.640334,-74.087105
544,3/10,267.52,40.834353,-73.904806
545,3/10,267.52,40.839291,-73.915606
546,3/10,267.52,40.664269,-73.932265
547,3/11,267.46,40.837443,-73.903870
548,3/11,267.46,40.822876,-73.904256
549,3/11,267.46,40.829586,-73.950029
550,3/11,267.46,40.712586,-74.007612
551,3/11,267.46,40.666314,-73.895589
552,3/11,267.46,40.705691,-73.926162
553,3/11,267.46,40.712784,-74.005941
554,3/11,267.46,40.623592,-74.082775
555,3/11,267.46,40.818360,-73.889376
556,3/11,267.46,40.818360,-73.889376
557,3/11,267.46,40.855463,-73.930869
558,3/11,267.46,40.690555,-73.985095
559,3/11,267.46,40.637443,-74.113752
560,3/12,267.27,40.805248,-73.934689
561,3/12,267.27,40.640525,-74.118036
562,3/12,267.27,40.768761,-73.990326
563,3/12,267.27,40.615203,-74.084655
564,3/12,267.27,40.768761,-73.990326
565,3/12,267.27,40.768761,-73.990326
566,3/12,267.27,40.677086,-73.922825
567,3/12,267.27,40.635495,-73.913293
568,3/12,267.27,40.635495,-73.913293
569,3/12,267.27,40.822904,-73.904713
570,3/12,267.27,40.822904,-73.904713
571,3/12,267.27,40.677086,-73.922825
572,3/13,267.21,40.635437,-74.132342
573,3/13,267.21,40.597930,-73.985493
574,3/14,267.19,40.748308,-73.988203
575,3/14,267.19,40.748308,-73.988203
576,3/14,267.19,40.748308,-73.988203
577,3/14,267.19,40.596086,-73.763017
578,3/14,267.19,40.636735,-74.134282
579,3/14,267.19,40.729165,-73.957469
580,3/14,267.19,40.729165,-73.957469
581,3/14,267.19,40.761864,-73.932645
582,3/14,267.19,40.761864,-73.932645
583,3/14,267.19,40.761864,-73.932645
584,3/14,267.19,40.656817,-73.927572
585,3/15,267.16,40.868158,-73.869122
586,3/15,267.16,40.868158,-73.869122
587,3/15,267.16,40.868158,-73.869122
588,3/15,267.16,40.868158,-73.869122
589,3/15,267.16,40.616157,-74.083320
590,3/16,267.16,40.642000,-73.898831
591,3/16,267.16,40.731336,-73.990004
592,3/16,267.16,40.723279,-73.975633
593,3/16,267.16,40.723279,-73.975633
594,3/16,267.16,40.824920,-73.902775
595,3/17,267.15,40.637858,-74.087320
596,3/17,267.15,40.797677,-73.964920
597,3/17,267.15,40.576630,-73.984781
598,3/17,267.15,40.576630,-73.984781
599,3/17,267.15,40.652910,-73.944970
600,3/17,267.15,40.652910,-73.944970
601,3/17,267.15,40.844014,-73.935452
602,3/17,267.15,40.636847,-74.156928
603,3/17,267.15,40.636847,-74.156928
604,3/17,267.15,40.737977,-73.990601
605,3/17,267.15,40.825815,-73.951036
606,3/17,267.15,40.825815,-73.951036
607,3/18,267,40.711863,-73.787884
608,3/18,267,40.701544,-73.983347
609,3/18,267,40.693002,-73.780184
610,3/18,267,40.693002,-73.780184
611,3/18,267,40.631837,-73.885656
612,3/18,267,40.752549,-73.964899
613,3/18,267,40.754108,-73.909560
614,3/18,267,40.673977,-74.004572
615,3/18,267,40.673977,-74.004572
616,3/18,267,40.597932,-74.002287
617,3/18,267,40.597932,-74.002287
618,3/18,267,40.597932,-74.002287
619,3/19,266.94,40.650391,-73.958709
620,3/19,266.94,40.694956,-73.979467
621,3/19,266.94,40.694956,-73.979467
622,3/19,266.94,40.694956,-73.979467
623,3/19,266.94,40.717696,-74.002340
624,3/20,266.97,40.633697,-73.884208
625,3/20,266.97,40.633697,-73.884208
626,3/20,266.97,40.589526,-73.815169
627,3/20,266.97,40.589526,-73.815169
628,3/20,266.97,40.823037,-73.903638
629,3/20,266.97,40.636445,-73.911746
630,3/20,266.97,40.636445,-73.911746
631,3/20,266.97,40.799240,-73.931723
632,3/21,266.95,40.904551,-73.847805
633,3/21,266.95,40.656755,-73.938396
634,3/21,266.95,40.684964,-73.982824
635,3/21,266.95,40.684964,-73.982824
636,3/21,266.95,40.684964,-73.982824
637,3/21,266.95,40.684964,-73.982824
638,3/21,266.95,40.684964,-73.982824
639,3/21,266.95,40.684964,-73.982824
640,3/21,266.95,40.836915,-73.903765
641,3/21,266.95,40.756073,-73.942802
642,3/21,266.95,40.825503,-73.904414
643,3/21,266.95,40.721977,-73.992847
644,3/21,266.95,40.721977,-73.992847
645,3/22,266.88,40.655649,-73.959858
646,3/22,266.88,40.858137,-73.901891
647,3/22,266.88,40.858137,-73.901891
648,3/22,266.88,40.640320,-74.133677
649,3/22,266.88,40.635418,-73.920533
650,3/22,266.88,40.815680,-73.923486
651,3/22,266.88,40.834773,-73.907115
652,3/22,266.88,40.635345,-74.135214
653,3/22,266.88,40.835650,-73.907170
654,3/22,266.88,40.754766,-73.945984
655,3/22,266.88,40.636969,-73.911128
656,3/22,266.88,40.634629,-73.919952
657,3/22,266.88,40.812509,-73.956161
658,3/22,266.88,40.645630,-73.888901
659,3/22,266.88,40.645630,-73.888901
660,3/23,266.9,40.754766,-73.945984
661,3/23,266.9,40.867298,-73.799623
662,3/23,266.9,40.546458,-74.141463
663,3/23,266.9,40.528716,-74.163073
664,3/23,266.9,40.592652,-73.980562
665,3/24,266.78,40.672802,-73.983287
666,3/24,266.78,40.672802,-73.983287
667,3/24,266.78,40.672802,-73.983287
668,3/24,266.78,40.672802,-73.983287
669,3/25,266.74,40.655673,-73.955586
670,3/25,266.74,40.688658,-73.984566
671,3/25,266.74,40.667902,-73.952516
672,3/25,266.74,40.665142,-73.958141
673,3/25,266.74,40.640256,-73.948279
674,3/25,266.74,40.805248,-73.934689
675,3/25,266.74,40.512348,-74.234553
676,3/26,266.76,40.589526,-73.815169
677,3/26,266.76,40.730342,-73.980775
678,3/26,266.76,40.602505,-73.748662
679,3/26,266.76,40.793986,-73.937328
680,3/26,266.76,40.837251,-73.947664
681,3/26,266.76,40.636045,-73.890677
682,3/26,266.76,40.636045,-73.890677
683,3/26,266.76,40.636045,-73.890677
684,3/26,266.76,40.644829,-73.905523
685,3/26,266.76,40.578224,-74.000836
686,3/27,266.64,40.616274,-73.916903
687,3/27,266.64,40.616274,-73.916903
688,3/27,266.64,40.696914,-73.744466
689,3/27,266.64,40.696914,-73.744466
690,3/27,266.64,40.696914,-73.744466
691,3/27,266.64,40.688182,-73.807031
692,3/27,266.64,40.688182,-73.807031
693,3/27,266.64,40.654188,-73.912472
694,3/27,266.64,40.654188,-73.912472
695,3/28,266.66,40.884682,-73.889858
696,3/28,266.66,40.650391,-73.958709
697,3/28,266.66,40.642571,-74.086543
698,3/28,266.66,40.690016,-73.959889
699,3/28,266.66,40.690016,-73.959889
700,3/28,266.66,40.756268,-73.943799
701,3/28,266.66,40.817894,-73.867284
702,3/28,266.66,40.817894,-73.867284
703,3/28,266.66,40.725250,-73.972739
704,3/28,266.66,40.725250,-73.972739
705,3/28,266.66,40.656799,-73.953446
706,3/28,266.66,40.673365,-73.908436
707,3/28,266.66,40.673365,-73.908436
708,3/28,266.66,40.673365,-73.908436
709,3/28,266.66,40.673365,-73.908436
710,3/28,266.66,40.775615,-73.944315
711,3/29,266.64,40.822394,-73.940193
712,3/29,266.64,40.822394,-73.940193
713,3/29,266.64,40.884682,-73.889858
714,3/29,266.64,40.882300,-73.891534
715,3/29,266.64,40.882300,-73.891534
716,3/29,266.64,40.816404,-73.954645
717,3/29,266.64,40.636984,-74.134092
718,3/30,266.54,40.834842,-73.907488
719,3/30,266.54,40.832929,-73.908424
720,3/30,266.54,40.639096,-74.133884
721,3/30,266.54,40.639096,-74.133884
722,3/30,266.54,40.821821,-73.903748
723,3/31,266.57,40.712296,-73.989411
724,3/31,266.57,41.189603,-73.959895
725,3/31,266.57,41.189603,-73.959895
726,4/1,266.54,40.665112,-73.958037
727,4/1,266.54,40.745820,-73.901087
728,4/1,266.54,40.745820,-73.901087
729,4/1,266.54,40.632989,-74.114146
730,4/1,266.54,40.632989,-74.114146
731,4/1,266.54,40.631959,-74.122793
732,4/1,266.54,40.618219,-73.958139
733,4/1,266.54,40.849036,-73.920664
734,4/1,266.54,40.849036,-73.920664
735,4/1,266.54,40.849036,-73.920664
736,4/1,266.54,40.684189,-73.989181
737,4/1,266.54,40.684189,-73.989181
738,4/1,266.54,40.833349,-73.888199
739,4/1,266.54,40.633504,-73.882965
740,4/1,266.54,40.633504,-73.882965
741,4/1,266.54,40.714092,-74.008044
742,4/2,266.6,40.703586,-74.011643
743,4/2,266.6,40.573132,-74.117460
744,4/2,266.6,40.674794,-73.937503
745,4/2,266.6,40.674794,-73.937503
746,4/2,266.6,40.674794,-73.937503
747,4/2,266.6,40.818242,-73.849635
748,4/2,266.6,40.573613,-74.000675
749,4/2,266.6,40.573613,-74.000675
750,4/3,266.63,40.699227,-73.986868
751,4/3,266.63,40.699227,-73.986868
752,4/3,266.63,40.699227,-73.986868
753,4/3,266.63,40.700634,-73.984823
754,4/3,266.63,40.635743,-74.083731
755,4/3,266.63,40.573132,-74.117460
756,4/3,266.63,40.869610,-73.851975
757,4/3,266.63,40.870908,-73.853980
758,4/3,266.63,40.820031,-73.920043
759,4/3,266.63,40.851918,-73.883869
760,4/4,266.57,40.751692,-73.703028
761,4/4,266.57,40.751692,-73.703028
762,4/4,266.57,40.751692,-73.703028
763,4/4,266.57,40.703006,-73.938315
764,4/4,266.57,40.658891,-73.920922
765,4/4,266.57,40.672214,-73.740659
766,4/4,266.57,40.672214,-73.740659
767,4/4,266.57,40.631604,-74.160369
768,4/4,266.57,40.637932,-74.144802
769,4/4,266.57,40.694982,-73.974009
770,4/4,266.57,40.797208,-73.963809
771,4/4,266.57,40.797208,-73.963809
772,4/4,266.57,40.592730,-73.798061
773,4/4,266.57,40.592730,-73.798061
774,4/4,266.57,40.592730,-73.798061
775,4/4,266.57,40.592730,-73.798061
776,4/5,266.56,40.619909,-73.993093
777,4/5,266.56,40.863010,-73.921998
778,4/5,266.56,40.757137,-73.827088
779,4/5,266.56,40.757137,-73.827088
780,4/5,266.56,40.812085,-73.937772
781,4/6,266.66,40.600677,-73.984558
782,4/6,266.66,40.600677,-73.984558
783,4/6,266.66,40.600677,-73.984558
784,4/6,266.66,40.600677,-73.984558
785,4/6,266.66,40.600677,-73.984558
786,4/6,266.66,40.760107,-73.917673
787,4/6,266.66,40.799943,-73.940672
788,4/6,266.66,40.666906,-73.909011
789,4/6,266.66,40.666906,-73.909011
790,4/6,266.66,40.637299,-74.115012
791,4/6,266.66,40.637299,-74.115012
792,4/6,266.66,40.760107,-73.917673
793,4/6,266.66,40.640453,-74.087956
794,4/7,266.66,40.640453,-74.087956
795,4/7,266.66,40.760989,-73.824422
796,4/7,266.66,40.703586,-74.011643
797,4/7,266.66,40.692327,-73.986730
798,4/8,266.61,40.638430,-73.951158
799,4/8,266.61,40.634119,-73.945864
800,4/8,266.61,40.634119,-73.945864
801,4/8,266.61,40.834447,-73.923029
802,4/8,266.61,40.749546,-74.006609
803,4/8,266.61,40.749546,-74.006609
804,4/8,266.61,40.835807,-73.915822
805,4/8,266.61,40.696865,-73.946238
806,4/8,266.61,40.840665,-73.914311
807,4/9,266.71,40.721036,-73.981091
808,4/9,266.71,40.721036,-73.981091
809,4/9,266.71,40.795559,-73.939328
810,4/9,266.71,40.795559,-73.939328
811,4/9,266.71,40.712200,-73.992027
812,4/9,266.71,40.712200,-73.992027
813,4/9,266.71,40.836505,-73.906768
814,4/9,266.71,40.787195,-73.939586
815,4/9,266.71,40.787195,-73.939586
816,4/9,266.71,40.615203,-74.084655
817,4/10,266.64,40.613894,-73.992180
818,4/10,266.64,40.701819,-74.011201
819,4/11,266.63,40.760747,-73.769969
820,4/11,266.63,40.786750,-73.940126
821,4/11,266.63,40.816102,-73.917599
822,4/12,266.61,40.645143,-73.948977
823,4/12,266.61,40.660357,-73.938820
824,4/12,266.61,40.787978,-73.950706
825,4/12,266.61,40.636096,-74.137323
826,4/12,266.61,40.636096,-74.137323
827,4/12,266.61,40.832336,-73.906285
828,4/12,266.61,40.628540,-74.141855
829,4/12,266.61,40.628540,-74.141855
830,4/12,266.61,40.734360,-73.710138
831,4/12,266.61,40.734360,-73.710138
832,4/13,266.63,40.835650,-73.907170
833,4/13,266.63,40.837874,-73.905894
834,4/13,266.63,40.663977,-73.907478
835,4/14,266.68,40.816084,-73.866916
836,4/14,266.68,40.822858,-73.864410
837,4/15,266.73,40.747680,-73.978793
838,4/15,266.73,40.747680,-73.978793
839,4/15,266.73,40.611865,-74.084473
840,4/15,266.73,40.682932,-73.990038
841,4/15,266.73,40.820031,-73.920043
842,4/15,266.73,40.784798,-73.954401
843,4/16,266.69,40.609270,-73.753032
844,4/16,266.69,40.640371,-73.897020
845,4/16,266.69,40.640371,-73.897020
846,4/16,266.69,40.640371,-73.897020
847,4/16,266.69,40.640371,-73.897020
848,4/16,266.69,40.589526,-73.815169
849,4/16,266.69,40.589526,-73.815169
850,4/16,266.69,40.679747,-73.791868
851,4/16,266.69,40.639058,-73.955985
852,4/16,266.69,40.639058,-73.955985
853,4/16,266.69,40.824743,-73.944968
854,4/16,266.69,40.702444,-73.939586
855,4/16,266.69,40.638560,-74.107367
856,4/16,266.69,40.638560,-74.107367
857,4/17,266.58,40.823578,-73.955454
858,4/17,266.58,40.633303,-74.163875
859,4/17,266.58,40.682932,-73.990038
860,4/17,266.58,40.682932,-73.990038
861,4/17,266.58,40.675279,-73.926225
862,4/17,266.58,40.838803,-73.913647
863,4/17,266.58,40.817453,-73.846664
864,4/17,266.58,40.819831,-73.848695
865,4/17,266.58,40.819831,-73.848695
866,4/18,266.57,40.601635,-73.760713
867,4/18,266.57,40.601635,-73.760713
868,4/18,266.57,40.787195,-73.939586
869,4/19,266.6,40.762975,-73.825344
870,4/19,266.6,40.762975,-73.825344
871,4/19,266.6,40.701840,-74.011169
872,4/19,266.6,40.624052,-74.079146
873,4/19,266.6,40.685888,-73.917272
874,4/19,266.6,40.817487,-73.866419
875,4/19,266.6,40.793868,-73.937502
876,4/20,266.73,40.842927,-73.938425
877,4/20,266.73,40.842927,-73.938425
878,4/20,266.73,40.843750,-73.914037
879,4/20,266.73,40.843750,-73.914037
880,4/21,266.7,40.757456,-73.960861
881,4/21,266.7,40.757456,-73.960861
882,4/21,266.7,40.638443,-74.087563
883,4/21,266.7,40.638443,-74.087563
884,4/21,266.7,40.697398,-73.937368
885,4/21,266.7,40.810440,-73.935478
886,4/21,266.7,40.647283,-74.087460
887,4/21,266.7,40.712311,-73.990165
888,4/22,266.69,40.840655,-73.915152
889,4/22,266.69,40.711600,-73.990060
890,4/22,266.69,40.589526,-73.815169
891,4/22,266.69,40.704712,-73.796762
892,4/22,266.69,40.835912,-73.928662
893,4/22,266.69,40.692130,-73.929754
894,4/22,266.69,40.692130,-73.929754
895,4/22,266.69,40.623592,-74.082775
896,4/23,266.7,40.695731,-73.973913
897,4/23,266.7,40.666706,-73.903531
898,4/23,266.7,40.656212,-73.887312
899,4/23,266.7,40.656212,-73.887312
900,4/23,266.7,40.636347,-74.119567
901,4/23,266.7,40.687977,-73.954829
902,4/23,266.7,40.687977,-73.954829
903,4/24,266.69,40.860664,-73.927309
904,4/24,266.69,40.643241,-73.948759
905,4/24,266.69,40.643241,-73.948759
906,4/24,266.69,40.734795,-73.990778
907,4/24,266.69,40.605507,-74.142939
908,4/24,266.69,40.605507,-74.142939
909,4/26,266.58,40.670554,-73.906098
910,4/26,266.58,40.670554,-73.906098
911,4/26,266.58,40.696765,-73.795053
912,4/26,266.58,40.696765,-73.795053
913,4/26,266.58,40.755317,-73.994921
914,4/26,266.58,40.755317,-73.994921
915,4/26,266.58,40.755317,-73.994921
916,4/27,266.62,40.662591,-73.965236
917,4/27,266.62,40.822947,-73.864253
918,4/27,266.62,40.822947,-73.864253
919,4/27,266.62,40.835037,-73.875399
920,4/27,266.62,40.597150,-73.763211
921,4/28,266.65,40.856251,-73.929141
922,4/28,266.65,40.712586,-74.007612
923,4/30,266.59,40.683964,-73.988740
924,5/1,266.6,40.697001,-73.935293
925,5/1,266.6,40.697001,-73.935293
926,5/1,266.6,40.697001,-73.935293
927,5/1,266.6,40.571579,-73.858834
928,5/1,266.6,40.587746,-73.811620
929,5/1,266.6,40.702036,-73.943000
930,5/1,266.6,40.693439,-73.977829
931,5/1,266.6,40.882086,-73.833542
932,5/2,266.61,40.635127,-74.118772
933,5/2,266.61,40.635127,-74.118772
934,5/2,266.61,40.712865,-73.965772
935,5/2,266.61,40.712865,-73.965772
936,5/2,266.61,40.712865,-73.965772
937,5/2,266.61,40.691980,-73.934969
938,5/2,266.61,40.675362,-74.006974
939,5/2,266.61,40.825268,-73.869746
940,5/2,266.61,40.770986,-73.947397
941,5/2,266.61,40.770986,-73.947397
942,5/3,266.59,40.883125,-73.832713
943,5/3,266.59,40.710624,-73.998787
944,5/3,266.59,40.710624,-73.998787
945,5/3,266.59,40.710624,-73.998787
946,5/3,266.59,40.710624,-73.998787
947,5/3,266.59,40.710624,-73.998787
948,5/3,266.59,40.635904,-74.135383
949,5/4,266.57,40.760084,-73.899086
950,5/4,266.57,40.760084,-73.899086
951,5/4,266.57,40.760084,-73.899086
952,5/4,266.57,40.649631,-73.937913
953,5/4,266.57,40.649631,-73.937913
954,5/4,266.57,40.649631,-73.937913
955,5/4,266.57,40.649631,-73.937913
956,5/4,266.57,40.882150,-73.833822
957,5/4,266.57,40.838702,-73.915343
958,5/5,266.6,40.635383,-74.117379
959,5/5,266.6,40.635383,-74.117379
960,5/5,266.6,40.859696,-73.905305
961,5/6,266.62,40.760084,-73.899086
962,5/6,266.62,40.760084,-73.899086
963,5/6,266.62,40.748068,-73.880009
964,5/6,266.62,40.817835,-73.954845
965,5/6,266.62,40.612548,-74.000732
966,5/6,266.62,40.662746,-73.885118
967,5/6,266.62,40.608257,-73.749229
968,5/6,266.62,40.608257,-73.749229
969,5/6,266.62,40.614681,-74.082598
970,5/6,266.62,40.614681,-74.082598
971,5/6,266.62,40.614681,-74.082598
972,5/6,266.62,40.672457,-73.741614
973,5/6,266.62,40.537999,-74.223796
974,5/6,266.62,40.537999,-74.223796
975,5/7,266.48,40.739853,-74.005734
976,5/7,266.48,40.702344,-73.791209
977,5/7,266.48,40.700636,-73.986594
978,5/7,266.48,40.770607,-73.779699
979,5/7,266.48,40.770607,-73.779699
980,5/7,266.48,40.770607,-73.779699
981,5/7,266.48,40.770607,-73.779699
982,5/7,266.48,40.815422,-73.898468
983,5/7,266.48,40.815422,-73.898468
984,5/7,266.48,40.698357,-73.996314
985,5/7,266.48,40.698357,-73.996314
986,5/7,266.48,40.585483,-74.163161
987,5/7,266.48,40.585483,-74.163161
988,5/8,266.49,40.644623,-73.903112
989,5/8,266.49,40.644623,-73.903112
990,5/8,266.49,40.644623,-73.903112
991,5/8,266.49,40.668799,-73.863390
992,5/8,266.49,40.636621,-73.958086
993,5/8,266.49,40.636621,-73.958086
994,5/9,266.48,40.640278,-74.087985
995,5/9,266.48,40.824920,-73.902775
996,5/9,266.48,40.595125,-73.759341
997,5/9,266.48,40.656867,-73.881431
998,5/9,266.48,40.673365,-73.908436
999,5/9,266.48,40.673365,-73.908436
1000,5/9,266.48,40.673365,-73.908436
1001,5/9,266.48,40.600912,-74.136774
1002,5/9,266.48,40.600912,-74.136774
1003,5/9,266.48,40.600912,-74.136774
1004,5/9,266.48,40.776653,-73.948170
1005,5/9,266.48,40.636288,-74.134287
1006,5/9,266.48,40.636288,-74.134287
1007,5/9,266.48,40.795924,-73.937436
1008,5/9,266.48,40.795924,-73.937436
1009,5/9,266.48,40.838289,-73.912162
1010,5/10,266.53,40.734795,-73.990778
1011,5/11,266.45,40.816084,-73.866916
1012,5/11,266.45,40.816084,-73.866916
1013,5/11,266.45,40.670590,-73.909860
1014,5/11,266.45,40.636579,-74.165052
1015,5/11,266.45,40.701595,-73.940224
1016,5/12,266.27,40.640372,-74.131564
1017,5/13,266.3,40.672569,-73.840251
1018,5/13,266.3,40.642815,-74.077151
1019,5/13,266.3,40.665994,-73.866911
1020,5/13,266.3,40.665994,-73.866911
1021,5/13,266.3,40.665387,-73.903596
1022,5/13,266.3,40.665387,-73.903596
1023,5/13,266.3,40.665387,-73.903596
1024,5/13,266.3,40.665387,-73.903596
1025,5/13,266.3,40.640976,-73.982337
1026,5/13,266.3,40.836013,-73.892198
1027,5/13,266.3,40.836013,-73.892198
1028,5/13,266.3,40.822858,-73.864410
1029,5/13,266.3,40.822619,-73.866017
1030,5/13,266.3,40.674934,-73.927231
1031,5/13,266.3,40.811537,-73.942651
1032,5/14,266.32,40.703060,-73.950418
1033,5/14,266.32,40.703060,-73.950418
1034,5/14,266.32,40.631758,-74.151212
1035,5/14,266.32,40.635541,-74.133715
1036,5/14,266.32,40.692358,-73.942807
1037,5/14,266.32,40.610318,-73.753042
1038,5/14,266.32,40.828951,-73.905002
1039,5/14,266.32,40.616454,-73.995947
1040,5/14,266.32,40.616454,-73.995947
1041,5/14,266.32,40.616454,-73.995947
1042,5/15,266.36,40.883125,-73.832713
1043,5/16,266.34,40.639715,-74.139099
1044,5/16,266.34,40.639715,-74.139099
1045,5/16,266.34,40.639715,-74.139099
1046,5/17,266.27,40.878934,-73.904795
1047,5/17,266.27,40.878934,-73.904795
1048,5/17,266.27,40.878934,-73.904795
1049,5/17,266.27,40.672136,-73.910243
1050,5/17,266.27,40.672136,-73.910243
1051,5/17,266.27,40.672136,-73.910243
1052,5/17,266.27,40.885278,-73.846102
1053,5/17,266.27,40.636014,-73.895055
1054,5/17,266.27,40.636014,-73.895055
1055,5/18,266.36,40.884805,-73.845210
1056,5/18,266.36,40.818937,-73.845532
1057,5/18,266.36,40.885177,-73.846338
1058,5/18,266.36,40.885177,-73.846338
1059,5/18,266.36,40.570170,-74.108648
1060,5/18,266.36,40.886424,-73.844083
1061,5/19,266.28,40.637616,-74.138952
1062,5/19,266.28,40.667559,-73.905924
1063,5/19,266.28,40.637693,-74.138828
1064,5/19,266.28,40.637693,-74.138828
1065,5/19,266.28,40.637693,-74.138828
1066,5/20,266.29,40.727565,-73.977268
1067,5/20,266.29,40.727683,-73.746044
1068,5/20,266.29,40.665075,-73.907978
1069,5/20,266.29,40.725796,-73.942636
1070,5/20,266.29,40.725796,-73.942636
1071,5/20,266.29,40.725796,-73.942636
1072,5/20,266.29,40.725796,-73.942636
1073,5/20,266.29,40.725796,-73.942636
1074,5/20,266.29,40.725796,-73.942636
1075,5/20,266.29,40.701819,-74.011201
1076,5/20,266.29,40.573008,-73.993833
1077,5/20,266.29,40.573008,-73.993833
1078,5/20,266.29,40.573008,-73.993833
1079,5/21,266.25,40.865430,-73.867361
1080,5/21,266.25,40.748577,-74.001483
1081,5/21,266.25,40.692483,-73.795984
1082,5/21,266.25,40.701840,-74.011169
1083,5/22,266.21,40.887173,-73.842393
1084,5/22,266.21,40.735116,-73.993302
1085,5/22,266.21,40.787969,-73.938220
1086,5/22,266.21,40.635098,-73.896482
1087,5/22,266.21,40.635098,-73.896482
1088,5/22,266.21,40.635098,-73.896482
1089,5/23,266.13,40.639181,-73.912041
1090,5/23,266.13,40.639181,-73.912041
1091,5/23,266.13,40.639181,-73.912041
1092,5/23,266.13,40.797006,-73.964885
1093,5/23,266.13,40.691844,-73.741858
1094,5/23,266.13,40.691844,-73.741858
1095,5/23,266.13,40.691844,-73.741858
1096,5/23,266.13,40.691844,-73.741858
1097,5/23,266.13,40.691844,-73.741858
1098,5/23,266.13,40.691844,-73.741858
1099,5/23,266.13,40.691844,-73.741858
1100,5/23,266.13,40.691844,-73.741858
1101,5/23,266.13,40.634998,-74.137356
1102,5/23,266.13,40.634998,-74.137356
1103,5/23,266.13,40.634998,-74.137356
1104,5/23,266.13,40.735116,-73.993302
1105,5/24,266.2,40.648872,-73.892506
1106,5/24,266.2,40.655612,-73.883956
1107,5/24,266.2,40.655612,-73.883956
1108,5/24,266.2,40.655612,-73.883956
1109,5/24,266.2,40.655612,-73.883956
1110,5/24,266.2,40.655612,-73.883956
1111,5/24,266.2,40.655612,-73.883956
1112,5/24,266.2,40.655612,-73.883956
1113,5/25,266.09,40.731340,-73.982566
1114,5/25,266.09,40.595092,-73.982232
1115,5/25,266.09,40.812748,-73.946330
1116,5/26,266.08,40.719302,-73.975461
1117,5/26,266.08,40.689952,-73.981394
1118,5/27,266.09,40.821167,-73.942880
1119,5/27,266.09,40.623189,-74.163886
1120,5/28,266.13,40.656212,-73.887312
1121,5/28,266.13,40.799363,-73.959085
1122,5/28,266.13,40.772357,-73.946694
1123,5/29,266.14,40.573613,-74.000675
1124,5/29,266.14,40.573613,-74.000675
1125,5/29,266.14,40.573613,-74.000675
1126,5/29,266.14,40.573613,-74.000675
1127,5/29,266.14,40.573613,-74.000675
1128,5/29,266.14,40.885437,-73.846062
1129,5/29,266.14,40.574955,-73.992542
1130,5/29,266.14,40.574955,-73.992542
1131,5/29,266.14,40.832798,-73.913615
1132,5/29,266.14,40.747479,-73.976440
1133,5/30,266.25,40.734795,-73.990778
1134,5/30,266.25,40.637505,-74.138115
1135,5/30,266.25,40.614681,-74.082598
1136,5/30,266.25,40.614681,-74.082598
1137,5/30,266.25,40.885458,-73.847204
1138,5/30,266.25,40.634539,-74.165872
1139,5/30,266.25,40.638236,-74.136890
1140,5/31,266.16,40.849059,-73.933543
1141,5/31,266.16,40.810440,-73.935478
1142,5/31,266.16,40.774261,-73.945305
1143,5/31,266.16,40.774261,-73.945305
1144,6/1,266.21,40.632262,-74.137669
1145,6/1,266.21,40.630582,-74.105700
1146,6/1,266.21,40.671779,-73.906180
1147,6/1,266.21,40.595471,-73.747063
1148,6/1,266.21,40.875819,-73.865110
1149,6/2,266.29,40.664093,-73.909308
1150,6/2,266.29,40.886106,-73.842656
1151,6/2,266.29,40.812111,-73.945924
1152,6/2,266.29,40.812111,-73.945924
1153,6/3,266.21,40.635345,-74.135214
1154,6/3,266.21,40.788367,-73.974546
1155,6/3,266.21,40.656597,-73.930926
1156,6/3,266.21,40.885278,-73.846102
1157,6/3,266.21,40.885278,-73.846102
1158,6/3,266.21,40.850734,-73.884144
1159,6/3,266.21,40.850078,-73.884427
1160,6/3,266.21,40.756876,-73.967385
1161,6/3,266.21,40.788002,-73.938250
1162,6/4,266.22,40.608945,-73.980704
1163,6/4,266.22,40.608945,-73.980704
1164,6/4,266.22,40.608945,-73.980704
1165,6/4,266.22,40.810748,-73.937305
1166,6/5,266.24,40.772881,-73.962684
1167,6/5,266.24,40.820201,-73.825377
1168,6/5,266.24,40.820327,-73.850655
1169,6/5,266.24,40.650496,-73.897979
1170,6/5,266.24,40.650496,-73.897979
1171,6/6,266.08,40.725252,-73.990595
1172,6/6,266.08,40.725252,-73.990595
1173,6/6,266.08,40.654608,-73.942281
1174,6/6,266.08,40.646657,-74.088944
1175,6/6,266.08,40.841234,-73.909410
1176,6/6,266.08,40.631993,-73.896353
1177,6/6,266.08,40.631993,-73.896353
1178,6/6,266.08,40.639784,-73.893568
1179,6/7,266.08,40.633958,-74.136132
1180,6/7,266.08,40.636380,-74.119137
1181,6/7,266.08,40.633958,-74.136132
1182,6/7,266.08,40.674646,-73.848129
1183,6/7,266.08,40.674646,-73.848129
1184,6/7,266.08,40.818132,-73.895663
1185,6/7,266.08,40.818132,-73.895663
1186,6/8,266.05,40.886298,-73.841864
1187,6/8,266.05,40.886298,-73.841864
1188,6/8,266.05,40.886298,-73.841864
1189,6/8,266.05,40.672229,-73.909039
1190,6/8,266.05,40.671960,-73.910888
1191,6/8,266.05,40.671960,-73.910888
1192,6/8,266.05,40.672229,-73.909039
1193,6/8,266.05,40.672229,-73.909039
1194,6/8,266.05,40.672229,-73.909039
1195,6/8,266.05,40.671960,-73.910888
1196,6/8,266.05,40.817090,-73.869316
1197,6/10,265.96,40.820898,-73.920244
1198,6/10,265.96,40.823034,-73.918492
1199,6/10,265.96,40.634583,-73.938240
1200,6/10,265.96,40.639435,-73.901702
1201,6/11,265.94,40.630770,-73.886433
1202,6/11,265.94,40.630770,-73.886433
1203,6/11,265.94,40.573686,-74.000053
1204,6/11,265.94,40.796452,-73.965294
1205,6/12,265.91,40.832287,-73.916022
1206,6/12,265.91,40.653138,-73.945520
1207,6/12,265.91,40.821976,-73.919006
1208,6/12,265.91,40.817369,-73.849893
1209,6/12,265.91,40.833634,-73.929220
1210,6/12,265.91,40.573686,-74.000053
1211,6/12,265.91,40.573686,-74.000053
1212,6/12,265.91,40.674973,-74.005765
1213,6/13,265.85,40.782737,-73.947012
1214,6/13,265.85,40.815158,-73.922474
1215,6/13,265.85,40.633601,-74.154719
1216,6/13,265.85,40.695961,-73.979845
1217,6/13,265.85,40.805248,-73.934689
1218,6/14,265.89,40.832692,-73.906319
1219,6/14,265.89,40.634491,-74.132902
1220,6/14,265.89,40.745039,-73.972558
1221,6/14,265.89,40.595213,-73.751255
1222,6/14,265.89,40.595213,-73.751255
1223,6/14,265.89,40.595213,-73.751255
1224,6/14,265.89,40.658308,-73.881826
1225,6/14,265.89,40.822611,-73.917138
1226,6/14,265.89,40.695731,-73.973913
1227,6/14,265.89,40.631917,-73.888979
1228,6/14,265.89,40.631917,-73.888979
1229,6/15,265.88,40.861416,-73.860815
1230,6/15,265.88,40.669518,-73.905438
1231,6/16,265.99,40.636633,-74.087148
1232,6/16,265.99,40.656543,-73.736638
1233,6/16,265.99,40.674003,-73.818797
1234,6/16,265.99,40.803167,-73.939040
1235,6/17,265.98,40.804265,-73.919297
1236,6/17,265.98,40.886372,-73.845510
1237,6/17,265.98,40.839121,-73.875810
1238,6/17,265.98,40.654325,-73.921668
1239,6/17,265.98,40.630770,-73.886433
1240,6/17,265.98,40.630770,-73.886433
1241,6/17,265.98,40.630770,-73.886433
1242,6/18,265.97,40.842642,-73.851794
1243,6/18,265.97,40.821976,-73.919006
1244,6/18,265.97,40.578224,-74.000836
1245,6/19,266.05,40.636496,-74.117915
1246,6/19,266.05,40.636496,-74.117915
1247,6/19,266.05,40.711711,-73.992523
1248,6/19,266.05,40.644451,-73.984403
1249,6/19,266.05,40.644451,-73.984403
1250,6/19,266.05,40.643578,-73.986738
1251,6/19,266.05,40.821060,-73.918083
1252,6/19,266.05,40.640371,-73.897020
1253,6/20,266.08,40.577365,-73.990829
1254,6/20,266.08,40.826660,-73.869176
1255,6/22,266.08,40.821060,-73.918083
1256,6/22,266.08,40.670535,-73.906055
1257,6/23,266.08,40.664940,-73.902403
1258,6/23,266.08,40.686693,-73.787673
1259,6/23,266.08,40.683335,-73.956112
1260,6/23,266.08,40.683335,-73.956112
1261,6/23,266.08,40.774397,-73.991180
1262,6/23,266.08,40.820972,-73.892763
1263,6/24,266.02,40.670554,-73.906098
1264,6/24,266.02,40.694034,-73.956340
1265,6/24,266.02,40.694034,-73.956340
1266,6/24,266.02,40.614389,-74.083854
1267,6/24,266.02,40.603103,-73.998954
1268,6/24,266.02,40.603103,-73.998954
1269,6/24,266.02,40.886859,-73.842106
1270,6/24,266.02,40.886859,-73.842106
1271,6/25,266.04,40.821976,-73.919006
1272,6/25,266.04,40.655778,-73.923319
1273,6/25,266.04,40.655778,-73.923319
1274,6/25,266.04,40.655778,-73.923319
1275,6/25,266.04,40.666207,-73.944698
1276,6/26,266.01,40.841307,-73.910107
1277,6/26,266.01,40.885021,-73.845241
1278,6/26,266.01,40.885021,-73.845241
1279,6/26,266.01,40.885021,-73.845241
1280,6/27,265.96,40.606580,-73.755744
1281,6/27,265.96,40.810870,-73.936688
1282,6/27,265.96,40.808988,-73.927389
1283,6/29,265.91,40.819943,-73.919340
1284,6/29,265.91,40.631981,-74.162857
1285,6/30,265.86,40.633524,-74.161671
1286,6/30,265.86,40.633524,-74.161671
1287,7/1,265.83,40.652815,-73.894961
1288,7/1,265.83,40.652815,-73.894961
1289,7/1,265.83,40.643182,-73.901498
1290,7/1,265.83,40.643182,-73.901498
1291,7/1,265.83,40.835740,-73.905778
1292,7/1,265.83,40.611106,-73.994593
1293,7/2,265.88,40.636014,-73.895055
1294,7/2,265.88,40.835650,-73.907170
1295,7/2,265.88,40.657879,-73.896138
1296,7/2,265.88,40.657879,-73.896138
1297,7/2,265.88,40.811260,-73.949662
1298,7/2,265.88,40.811260,-73.949662
1299,7/2,265.88,40.837874,-73.905894
1300,7/3,265.9,40.639647,-73.954167
1301,7/3,265.9,40.672060,-73.925250
1302,7/4,265.82,40.732067,-73.987028
1303,7/4,265.82,40.887034,-73.844303
1304,7/4,265.82,40.835656,-73.904123
1305,7/4,265.82,40.685888,-73.917272
1306,7/5,265.8,40.886494,-73.845885
1307,7/5,265.8,40.829943,-73.937419
1308,7/5,265.8,40.834773,-73.907115
1309,7/5,265.8,40.594949,-73.788109
1310,7/5,265.8,40.837040,-73.905692
1311,7/5,265.8,40.834445,-73.907911
1312,7/5,265.8,40.659612,-73.937518
1313,7/5,265.8,40.659612,-73.937518
1314,7/6,265.73,40.599008,-73.977756
1315,7/6,265.73,40.730052,-73.987554
1316,7/6,265.73,40.730052,-73.987554
1317,7/6,265.73,40.730052,-73.987554
1318,7/6,265.73,40.730052,-73.987554
1319,7/6,265.73,40.730052,-73.987554
1320,7/6,265.73,40.674794,-73.937503
1321,7/6,265.73,40.690163,-73.971928
1322,7/6,265.73,40.690243,-73.971576
1323,7/6,265.73,40.883125,-73.832713
1324,7/7,265.8,40.877026,-73.865862
1325,7/7,265.8,40.834842,-73.907488
1326,7/7,265.8,40.787251,-73.941318
1327,7/7,265.8,40.789133,-73.939960
1328,7/8,265.97,40.848998,-73.916452
1329,7/8,265.97,40.835439,-73.942937
1330,7/8,265.97,40.835439,-73.942937
1331,7/8,265.97,40.823522,-73.937591
1332,7/8,265.97,40.716885,-73.980095
1333,7/8,265.97,40.815756,-73.941357
1334,7/8,265.97,40.721530,-73.731030
1335,7/8,265.97,40.721530,-73.731030
1336,7/8,265.97,40.721530,-73.731030
1337,7/9,265.89,40.707534,-73.749222
1338,7/9,265.89,40.656212,-73.887312
1339,7/9,265.89,40.656212,-73.887312
1340,7/9,265.89,40.656212,-73.887312
1341,7/9,265.89,40.656212,-73.887312
1342,7/10,265.79,40.615157,-74.082152
1343,7/10,265.79,40.615157,-74.082152
1344,7/10,265.79,40.615157,-74.082152
1345,7/10,265.79,40.633436,-74.165195
1346,7/10,265.79,40.823037,-73.903638
1347,7/11,265.87,40.630241,-74.139908
1348,7/11,265.87,40.614347,-73.996440
1349,7/11,265.87,40.699716,-73.817968
1350,7/11,265.87,40.615203,-74.084655
1351,7/11,265.87,40.615203,-74.084655
1352,7/11,265.87,40.826762,-73.887839
1353,7/11,265.87,40.826762,-73.887839
1354,7/11,265.87,40.826762,-73.887839
1355,7/11,265.87,40.825736,-73.902462
1356,7/11,265.87,40.609688,-73.985763
1357,7/11,265.87,40.609688,-73.985763
1358,7/11,265.87,40.749732,-73.864177
1359,7/12,265.91,40.655462,-73.885393
1360,7/12,265.91,40.655462,-73.885393
1361,7/12,265.91,40.575141,-73.986965
1362,7/12,265.91,40.575141,-73.986965
1363,7/12,265.91,40.826503,-73.937559
1364,7/12,265.91,40.697286,-73.854786
1365,7/12,265.91,40.697286,-73.854786
1366,7/13,265.86,40.666132,-73.884911
1367,7/13,265.86,40.668997,-73.897674
1368,7/13,265.86,40.668997,-73.897674
1369,7/13,265.86,40.826477,-73.937625
1370,7/13,265.86,40.743198,-74.004722
1371,7/13,265.86,40.695599,-73.982159
1372,7/14,265.86,40.824006,-73.904033
1373,7/14,265.86,40.830018,-73.919660
1374,7/15,265.93,40.816590,-73.917298
1375,7/15,265.93,40.638549,-74.090788
1376,7/15,265.93,40.635902,-74.148236
1377,7/15,265.93,40.794751,-73.939005
1378,7/15,265.93,40.795815,-73.938175
1379,7/15,265.93,40.694961,-73.975954
1380,7/16,265.89,40.823034,-73.918492
1381,7/16,265.89,40.674853,-73.937620
1382,7/16,265.89,40.639418,-74.087325
1383,7/16,265.89,40.639418,-74.087325
1384,7/16,265.89,40.817300,-73.817427
1385,7/16,265.89,40.788139,-73.945743
1386,7/16,265.89,40.788139,-73.945743
1387,7/17,265.82,40.774947,-73.944782
1388,7/17,265.82,40.774947,-73.944782
1389,7/17,265.82,40.635264,-73.887305
1390,7/17,265.82,40.635714,-73.886594
1391,7/17,265.82,40.793929,-73.937329
1392,7/18,265.84,40.654482,-73.895214
1393,7/18,265.84,40.709560,-73.996746
1394,7/18,265.84,40.823034,-73.918492
1395,7/18,265.84,40.799240,-73.931723
1396,7/19,265.83,40.630769,-73.886457
1397,7/19,265.83,40.630769,-73.886457
1398,7/19,265.83,40.821976,-73.919006
1399,7/19,265.83,40.630769,-73.886457
1400,7/19,265.83,40.630769,-73.886457
1401,7/19,265.83,40.680144,-73.748390
1402,7/19,265.83,40.679592,-73.746662
1403,7/19,265.83,40.639616,-73.905741
1404,7/19,265.83,40.639616,-73.905741
1405,7/19,265.83,40.633783,-73.889576
1406,7/19,265.83,40.633419,-73.894769
1407,7/19,265.83,40.875410,-73.865426
1408,7/19,265.83,40.877026,-73.865862
1409,7/20,265.71,40.670588,-73.876113
1410,7/20,265.71,40.670588,-73.876113
1411,7/20,265.71,40.670588,-73.876113
1412,7/20,265.71,40.633315,-74.163381
1413,7/20,265.71,40.635854,-74.166186
1414,7/20,265.71,40.715622,-73.877186
1415,7/20,265.71,40.715622,-73.877186
1416,7/20,265.71,40.715622,-73.877186
1417,7/21,265.55,40.656212,-73.887312
1418,7/21,265.55,40.689839,-73.945202
1419,7/22,265.59,40.614001,-74.002087
1420,7/22,265.59,40.614001,-74.002087
1421,7/22,265.59,40.614001,-74.002087
1422,7/22,265.59,40.684045,-73.846791
1423,7/22,265.59,40.817809,-73.900849
1424,7/22,265.59,40.688401,-73.951164
1425,7/22,265.59,40.844937,-73.917395
1426,7/23,265.56,40.732584,-73.987689
1427,7/23,265.56,40.824722,-73.915513
1428,7/23,265.56,40.639715,-74.139099
1429,7/23,265.56,40.743795,-73.776034
1430,7/23,265.56,40.743795,-73.776034
1431,7/24,265.5,40.796082,-73.941894
1432,7/24,265.5,40.658020,-73.892384
1433,7/24,265.5,40.658020,-73.892384
1434,7/24,265.5,40.658020,-73.892384
1435,7/24,265.5,40.658020,-73.892384
1436,7/24,265.5,40.697053,-73.740146
1437,7/24,265.5,40.886095,-73.847027
1438,7/25,265.41,40.823034,-73.918492
1439,7/25,265.41,40.580578,-74.000345
1440,7/25,265.41,40.822397,-73.918423
1441,7/25,265.41,40.822397,-73.918423
1442,7/25,265.41,40.665690,-73.956868
1443,7/25,265.41,40.829541,-73.919784
1444,7/25,265.41,40.829541,-73.919784
1445,7/25,265.41,40.829541,-73.919784
1446,7/25,265.41,40.829541,-73.919784
1447,7/25,265.41,40.638473,-74.170994
1448,7/25,265.41,40.583376,-74.152631
1449,7/25,265.41,40.806843,-73.936572
1450,7/25,265.41,40.887311,-73.846257
1451,7/26,265.49,40.597561,-73.783706
1452,7/26,265.49,40.655839,-73.919578
1453,7/26,265.49,40.664546,-73.908435
1454,7/27,265.44,40.638553,-73.904183
1455,7/27,265.44,40.638553,-73.904183
1456,7/27,265.44,40.875819,-73.865110
1457,7/27,265.44,40.886906,-73.845693
1458,7/28,265.39,40.636796,-74.154771
1459,7/28,265.39,40.812791,-73.909485
1460,7/28,265.39,40.820898,-73.920244
1461,7/29,265.5,40.754327,-73.973993
1462,7/29,265.5,40.754327,-73.973993
1463,7/29,265.5,40.671779,-73.906180
1464,7/29,265.5,40.782572,-73.945247
1465,7/29,265.5,40.782572,-73.945247
1466,7/29,265.5,40.820249,-73.938473
1467,7/30,265.52,40.613401,-74.000907
1468,7/30,265.52,40.839163,-73.845536
1469,7/30,265.52,40.839163,-73.845536
1470,7/30,265.52,40.810718,-73.936137
1471,7/30,265.52,40.811412,-73.938133
1472,7/30,265.52,40.820031,-73.920043
1473,7/30,265.52,40.820031,-73.920043
1474,7/31,265.55,40.822104,-73.918977
1475,7/31,265.55,40.822018,-73.920306
1476,7/31,265.55,40.822104,-73.918977
1477,7/31,265.55,40.809301,-73.926257
1478,8/1,265.5,40.819172,-73.911060
1479,8/1,265.5,40.812452,-73.921861
1480,8/1,265.5,40.821060,-73.918083
1481,8/2,265.5,40.577365,-73.990829
1482,8/2,265.5,40.577365,-73.990829
1483,8/2,265.5,40.577365,-73.990829
1484,8/2,265.5,40.577365,-73.990829
1485,8/2,265.5,40.577365,-73.990829
1486,8/2,265.5,40.810137,-73.926491
1487,8/2,265.5,40.675802,-74.008702
1488,8/2,265.5,40.811517,-73.922036
1489,8/2,265.5,40.812613,-73.909557
1490,8/3,265.52,40.820428,-73.920825
1491,8/3,265.52,40.811563,-73.914494
1492,8/3,265.52,40.823845,-73.865436
1493,8/3,265.52,40.821060,-73.918083
1494,8/3,265.52,40.819157,-73.911295
1495,8/3,265.52,40.816590,-73.906657
1496,8/3,265.52,40.816590,-73.906657
1497,8/3,265.52,40.809582,-73.939949
1498,8/3,265.52,40.809582,-73.939949
1499,8/3,265.52,40.672782,-73.922233
1500,8/3,265.52,40.638615,-73.891024
1501,8/4,265.43,40.631845,-74.164970
1502,8/4,265.43,40.816140,-73.904519
1503,8/4,265.43,40.811804,-73.922704
1504,8/4,265.43,40.821976,-73.919006
1505,8/5,265.4,40.812243,-73.923060
1506,8/5,265.4,40.734795,-73.990778
1507,8/5,265.4,40.817144,-73.905321
1508,8/5,265.4,40.637167,-74.160206
1509,8/5,265.4,40.631991,-74.163753
1510,8/5,265.4,40.631991,-74.163753
1511,8/5,265.4,40.631991,-74.163753
1512,8/5,265.4,40.631991,-74.163753
1513,8/5,265.4,40.631991,-74.163753
1514,8/5,265.4,40.631991,-74.163753
1515,8/5,265.4,40.631991,-74.163753
1516,8/5,265.4,40.812644,-73.920650
1517,8/5,265.4,40.812644,-73.920650
1518,8/5,265.4,40.812644,-73.920650
1519,8/5,265.4,40.757362,-73.964671
1520,8/5,265.4,40.757362,-73.964671
1521,8/6,265.42,40.601323,-73.751771
1522,8/6,265.42,40.836132,-73.929867
1523,8/6,265.42,40.632164,-74.166328
1524,8/6,265.42,40.632164,-74.166328
1525,8/6,265.42,40.632164,-74.166328
1526,8/6,265.42,40.691216,-73.939658
1527,8/6,265.42,40.659216,-73.888947
1528,8/6,265.42,40.659216,-73.888947
1529,8/6,265.42,40.794371,-73.946214
1530,8/7,265.47,40.817106,-73.908225
1531,8/7,265.47,40.633022,-74.163342
1532,8/7,265.47,40.633022,-74.163342
1533,8/7,265.47,40.630297,-74.166411
1534,8/7,265.47,40.630297,-74.166411
1535,8/7,265.47,40.784909,-73.947092
1536,8/7,265.47,40.812243,-73.923060
1537,8/8,265.51,40.685951,-73.959423
1538,8/8,265.51,40.688946,-73.853210
1539,8/8,265.51,40.661455,-73.928286
1540,8/8,265.51,40.816059,-73.906974
1541,8/8,265.51,40.834809,-73.886058
1542,8/8,265.51,40.589862,-73.979994
1543,8/8,265.51,40.734054,-73.782791
1544,8/8,265.51,40.823034,-73.918492
1545,8/8,265.51,40.792199,-73.938200
1546,8/8,265.51,40.695704,-73.946376
1547,8/8,265.51,40.819943,-73.919340
1548,8/8,265.51,40.664267,-73.905900
1549,8/8,265.51,40.664267,-73.905900
1550,8/8,265.51,40.820898,-73.920244
1551,8/8,265.51,40.820898,-73.920244
1552,8/8,265.51,40.591924,-73.983918
1553,8/8,265.51,40.591924,-73.983918
1554,8/8,265.51,40.591924,-73.983918
1555,8/9,265.39,40.657944,-73.931311
1556,8/9,265.39,40.657944,-73.931311
1557,8/9,265.39,40.685951,-73.959423
1558,8/9,265.39,40.613030,-74.082369
1559,8/9,265.39,40.865695,-73.869155
1560,8/9,265.39,42.235531,-83.163866
1561,8/9,265.39,40.612527,-73.962921
1562,8/9,265.39,40.612527,-73.962921
1563,8/9,265.39,40.612527,-73.962921
1564,8/9,265.39,40.662222,-73.922733
1565,8/9,265.39,40.662222,-73.922733
1566,8/9,265.39,40.574136,-73.997814
1567,8/9,265.39,40.642347,-73.893955
1568,8/9,265.39,40.631456,-73.890284
1569,8/9,265.39,40.578211,-74.002914
1570,8/9,265.39,40.823034,-73.918492
1571,8/10,265.28,40.578211,-74.002914
1572,8/10,265.28,40.578211,-74.002914
1573,8/10,265.28,40.823034,-73.918492
1574,8/10,265.28,40.787969,-73.938220
1575,8/10,265.28,40.819172,-73.911060
1576,8/10,265.28,40.819172,-73.911060
1577,8/10,265.28,40.692196,-73.986272
1578,8/10,265.28,40.595166,-73.756813
1579,8/10,265.28,40.595166,-73.756813
1580,8/10,265.28,40.812613,-73.909557
1581,8/10,265.28,40.812613,-73.909557
1582,8/10,265.28,40.812243,-73.923060
1583,8/10,265.28,40.578872,-73.999611
1584,8/11,265.34,40.811804,-73.922704
1585,8/11,265.34,40.834124,-73.936046
1586,8/12,265.34,40.822397,-73.918423
1587,8/12,265.34,40.812950,-73.921414
1588,8/12,265.34,40.701705,-73.732392
1589,8/12,265.34,40.701705,-73.732392
1590,8/12,265.34,40.819209,-73.911216
1591,8/12,265.34,40.670535,-73.906055
1592,8/12,265.34,40.606447,-74.005882
1593,8/13,265.32,40.822798,-73.917883
1594,8/13,265.32,40.637378,-74.162702
1595,8/13,265.32,40.819172,-73.911060
1596,8/13,265.32,40.819172,-73.911060
1597,8/13,265.32,40.698791,-73.945638
1598,8/13,265.32,40.824762,-73.954368
1599,8/13,265.32,40.878104,-73.861798
1600,8/13,265.32,40.640844,-73.906732
1601,8/13,265.32,40.640844,-73.906732
1602,8/14,265.31,40.609688,-73.985763
1603,8/14,265.31,40.886098,-73.846131
1604,8/14,265.31,40.887031,-73.843322
1605,8/14,265.31,40.823034,-73.918492
1606,8/14,265.31,40.812644,-73.920650
1607,8/14,265.31,40.625949,-74.155730
1608,8/14,265.31,40.625748,-74.154926
1609,8/14,265.31,40.625949,-74.155730
1610,8/14,265.31,40.812644,-73.920650
1611,8/15,265.3,40.660945,-73.940668
1612,8/15,265.3,40.660945,-73.940668
1613,8/15,265.3,40.630969,-74.161452
1614,8/16,265.32,40.811977,-73.948423
1615,8/16,265.32,40.661981,-73.947357
1616,8/17,265.34,40.812791,-73.909485
1617,8/17,265.34,40.668080,-73.972375
1618,8/17,265.34,40.856994,-73.802249
1619,8/17,265.34,40.856994,-73.802249
1620,8/17,265.34,40.812122,-73.921202
1621,8/18,265.27,40.806379,-73.912683
1622,8/18,265.27,40.606197,-73.753762
1623,8/18,265.27,40.634655,-73.921166
1624,8/18,265.27,40.634655,-73.921166
1625,8/18,265.27,40.868850,-73.870484
1626,8/18,265.27,40.791676,-73.948003
1627,8/18,265.27,40.668650,-73.937052
1628,8/19,265.3,40.812644,-73.920650
1629,8/19,265.3,40.812644,-73.920650
1630,8/19,265.3,40.812644,-73.920650
1631,8/19,265.3,40.812644,-73.920650
1632,8/19,265.3,40.633773,-74.155033
1633,8/19,265.3,40.812452,-73.921861
1634,8/19,265.3,40.664642,-73.937080
1635,8/19,265.3,40.664642,-73.937080
1636,8/19,265.3,40.819943,-73.919340
1637,8/19,265.3,40.819943,-73.919340
1638,8/19,265.3,40.823034,-73.918492
1639,8/20,265.25,40.819815,-73.918514
1640,8/20,265.25,40.812452,-73.921861
1641,8/20,265.25,40.837931,-73.928747
1642,8/20,265.25,40.819157,-73.911295
1643,8/20,265.25,40.610376,-74.006165
1644,8/20,265.25,40.610376,-74.006165
1645,8/20,265.25,40.788930,-73.945422
1646,8/21,265.29,40.681396,-73.908304
1647,8/21,265.29,40.681396,-73.908304
1648,8/21,265.29,40.806379,-73.912683
1649,8/21,265.29,40.806379,-73.912683
1650,8/21,265.29,40.811104,-73.916836
1651,8/22,265.28,40.686578,-73.947456
1652,8/22,265.28,40.640168,-73.957125
1653,8/22,265.28,40.632544,-73.933172
1654,8/22,265.28,40.632544,-73.933172
1655,8/22,265.28,40.833197,-73.930212
1656,8/22,265.28,40.833197,-73.930212
1657,8/22,265.28,40.833197,-73.930212
1658,8/23,265.31,40.821060,-73.918083
1659,8/23,265.31,40.820461,-73.849599
1660,8/23,265.31,40.812243,-73.923060
1661,8/24,265.27,40.821976,-73.919006
1662,8/24,265.27,40.821829,-73.939077
1663,8/24,265.27,40.812243,-73.923060
1664,8/24,265.27,40.812243,-73.923060
1665,8/24,265.27,40.812950,-73.921414
1666,8/24,265.27,40.811974,-73.956638
1667,8/25,265.2,40.734484,-73.981024
1668,8/25,265.2,40.634336,-74.010746
1669,8/25,265.2,40.821976,-73.919006
1670,8/25,265.2,40.812817,-73.915335
1671,8/25,265.2,40.812817,-73.915335
1672,8/25,265.2,40.812817,-73.915335
1673,8/26,265.2,40.822611,-73.917138
1674,8/26,265.2,40.822611,-73.917138
1675,8/26,265.2,40.822611,-73.917138
1676,8/26,265.2,40.805881,-73.919283
1677,8/26,265.2,40.894428,-73.858568
1678,8/26,265.2,40.894428,-73.858568
1679,8/26,265.2,40.811804,-73.922704
1680,8/27,265.2,40.807120,-73.913151
1681,8/27,265.2,40.823034,-73.918492
1682,8/28,265.2,40.812817,-73.915335
1683,8/28,265.2,40.819815,-73.918514
1684,8/28,265.2,40.819815,-73.918514
1685,8/29,265.21,40.814026,-73.923162
1686,8/29,265.21,40.814026,-73.923162
1687,8/29,265.21,40.671001,-73.927051
1688,8/29,265.21,40.631604,-74.160369
1689,8/29,265.21,40.634511,-74.165115
1690,8/29,265.21,40.634511,-74.165115
1691,8/29,265.21,40.634511,-74.165115
1692,8/29,265.21,40.634511,-74.165115
1693,8/29,265.21,40.631642,-74.161709
1694,8/29,265.21,40.631642,-74.161709
1695,8/30,265.31,40.810885,-73.922009
1696,8/30,265.31,40.823034,-73.918492
1697,8/30,265.31,40.834152,-73.876990
1698,8/30,265.31,40.835037,-73.875399
1699,8/30,265.31,40.722522,-73.976251
1700,8/30,265.31,40.787388,-73.943037
1701,8/30,265.31,40.820031,-73.920043
1702,8/30,265.31,40.811375,-73.916306
1703,8/30,265.31,40.826267,-73.916426
1704,8/31,265.27,40.822798,-73.917883
1705,8/31,265.27,40.812243,-73.923060
1706,8/31,265.27,40.673847,-73.925085
1707,8/31,265.27,40.811517,-73.922036
1708,8/31,265.27,40.821244,-73.918761
1709,9/1,265.27,40.837011,-73.937599
1710,9/1,265.27,40.834830,-73.878356
1711,9/1,265.27,40.633022,-74.163342
1712,9/1,265.27,40.633022,-74.163342
1713,9/2,265.29,40.798152,-73.943431
1714,9/2,265.29,40.693248,-73.950011
1715,9/2,265.29,40.693248,-73.950011
1716,9/2,265.29,40.693248,-73.950011
1717,9/2,265.29,40.835175,-73.875381
1718,9/2,265.29,40.717842,-73.957727
1719,9/2,265.29,40.812817,-73.915335
1720,9/2,265.29,40.856731,-73.863818
1721,9/3,265.24,40.633601,-74.154719
1722,9/3,265.24,40.633601,-74.154719
1723,9/3,265.24,40.834825,-73.877162
1724,9/3,265.24,40.820428,-73.920825
1725,9/4,265.3,40.712784,-74.005941
1726,9/4,265.3,40.811517,-73.922036
1727,9/4,265.3,40.633022,-74.163342
1728,9/5,265.3,40.668467,-73.867523
1729,9/5,265.3,40.630220,-74.161771
1730,9/5,265.3,40.631642,-74.161709
1731,9/5,265.3,40.812243,-73.923060
1732,9/6,265.27,40.818801,-73.922105
1733,9/6,265.27,40.835339,-73.877530
1734,9/6,265.27,40.786868,-73.942618
1735,9/6,265.27,40.786868,-73.942618
1736,9/6,265.27,40.835556,-73.876405
1737,9/6,265.27,40.672419,-73.957340
1738,9/6,265.27,40.885177,-73.846338
1739,9/7,265.19,40.631991,-74.163753
1740,9/7,265.19,40.631991,-74.163753
1741,9/7,265.19,40.631991,-74.163753
1742,9/7,265.19,40.886898,-73.845180
1743,9/7,265.19,40.633958,-74.136132
1744,9/7,265.19,40.633958,-74.136132
1745,9/7,265.19,40.811517,-73.922036
1746,9/7,265.19,40.689275,-73.923979
1747,9/8,265.18,40.836720,-73.915828
1748,9/8,265.18,40.812243,-73.923060
1749,9/9,265.18,40.834830,-73.878356
1750,9/9,265.18,40.665387,-73.903596
1751,9/9,265.18,40.632149,-74.165244
1752,9/9,265.18,40.812243,-73.923060
1753,9/10,265.08,40.805248,-73.934689
1754,9/10,265.08,40.834343,-73.875281
1755,9/11,265.03,40.821960,-73.917053
1756,9/11,265.03,40.834303,-73.876302
1757,9/11,265.03,40.834303,-73.876302
1758,9/11,265.03,40.812122,-73.921202
1759,9/11,265.03,40.811517,-73.922036
1760,9/12,265.01,40.709472,-73.996749
1761,9/12,265.01,40.820428,-73.920825
1762,9/12,265.01,40.820898,-73.920244
1763,9/12,265.01,40.820898,-73.920244
1764,9/12,265.01,40.632149,-74.165244
1765,9/12,265.01,40.632149,-74.165244
1766,9/12,265.01,40.608800,-73.987201
1767,9/12,265.01,40.608800,-73.987201
1768,9/12,265.01,40.693721,-73.974800
1769,9/12,265.01,40.693721,-73.974800
1770,9/12,265.01,40.663728,-73.953849
1771,9/13,265.03,40.669672,-73.959139
1772,9/13,265.03,40.669672,-73.959139
1773,9/13,265.03,40.680919,-73.908934
1774,9/13,265.03,40.680919,-73.908934
1775,9/13,265.03,40.631604,-74.160369
1776,9/14,265.04,40.824471,-73.874903
1777,9/15,265.01,40.625341,-74.165296
1778,9/15,265.01,40.625341,-74.165296
1779,9/15,265.01,40.625321,-74.165193
1780,9/15,265.01,40.625321,-74.165193
1781,9/15,265.01,40.813117,-73.920599
1782,9/15,265.01,40.813117,-73.920599
1783,9/16,265.01,40.713706,-73.979532
1784,9/16,265.01,40.812243,-73.923060
1785,9/16,265.01,40.812243,-73.923060
1786,9/16,265.01,40.812243,-73.923060
1787,9/16,265.01,40.619464,-73.993125
1788,9/16,265.01,40.810540,-73.915513
1789,9/16,265.01,40.637901,-73.900838
1790,9/16,265.01,40.637901,-73.900838
1791,9/16,265.01,40.637901,-73.900838
1792,9/17,265.01,40.812407,-73.915042
1793,9/17,265.01,40.812407,-73.915042
1794,9/17,265.01,40.775640,-73.944297
1795,9/17,265.01,40.775640,-73.944297
1796,9/17,265.01,40.775640,-73.944297
1797,9/18,264.87,40.820031,-73.920043
1798,9/18,264.87,40.812122,-73.921202
1799,9/18,264.87,40.822054,-73.890563
1800,9/18,264.87,40.634752,-73.925951
1801,9/18,264.87,40.634752,-73.925951
1802,9/19,264.85,40.593616,-73.776322
1803,9/20,264.84,40.636292,-73.902915
1804,9/20,264.84,40.821060,-73.918083
1805,9/20,264.84,40.821060,-73.918083
1806,9/20,264.84,40.811517,-73.922036
1807,9/20,264.84,40.805722,-73.942112
1808,9/20,264.84,40.858483,-73.885102
1809,9/20,264.84,40.858483,-73.885102
1810,9/20,264.84,40.823034,-73.918492
1811,9/20,264.84,40.820898,-73.920244
1812,9/20,264.84,40.820898,-73.920244
1813,9/21,264.82,40.812644,-73.920650
1814,9/21,264.82,40.632164,-74.166328
1815,9/21,264.82,40.622133,-73.922067
1816,9/21,264.82,40.627093,-74.165162
1817,9/22,264.84,40.814486,-73.922739
1818,9/22,264.84,40.666914,-73.903990
1819,9/22,264.84,40.812951,-73.915726
1820,9/23,264.79,40.593459,-73.983735
1821,9/23,264.79,40.593459,-73.983735
1822,9/23,264.79,40.593459,-73.983735
1823,9/23,264.79,40.631642,-74.161709
1824,9/23,264.79,40.772237,-73.927430
1825,9/23,264.79,40.772237,-73.927430
1826,9/23,264.79,40.772237,-73.927430
1827,9/23,264.79,40.811804,-73.922704
1828,9/24,264.82,40.834124,-73.936046
1829,9/24,264.82,40.834124,-73.936046
1830,9/24,264.82,40.812810,-73.921908
1831,9/24,264.82,40.574897,-73.990294
1832,9/24,264.82,40.822104,-73.918977
1833,9/24,264.82,40.822104,-73.918977
1834,9/24,264.82,40.640500,-73.955638
1835,9/24,264.82,40.640500,-73.955638
1836,9/25,264.74,40.821976,-73.919006
1837,9/26,264.79,40.650693,-73.920591
1838,9/26,264.79,40.809427,-73.915358
1839,9/27,264.83,40.669203,-73.824186
1840,9/27,264.83,40.637252,-73.931778
1841,9/27,264.83,40.811104,-73.916836
1842,9/28,264.75,40.823034,-73.918492
1843,9/28,264.75,40.823034,-73.918492
1844,9/28,264.75,40.820898,-73.920244
1845,9/28,264.75,40.819943,-73.919340
1846,9/29,264.79,40.667738,-73.908828
1847,9/29,264.79,40.812737,-73.914249
1848,9/30,264.87,40.827121,-73.867633
1849,9/30,264.87,40.805248,-73.934689
1850,9/30,264.87,40.805248,-73.934689
1851,10/1,264.84,40.632164,-74.166328
1852,10/1,264.84,40.632301,-74.164585
1853,10/1,264.84,40.632301,-74.164585
1854,10/1,264.84,40.632301,-74.164585
1855,10/1,264.84,40.632301,-74.164585
1856,10/1,264.84,40.632301,-74.164585
1857,10/1,264.84,40.632301,-74.164585
1858,10/1,264.84,40.632301,-74.164585
1859,10/1,264.84,40.632301,-74.164585
1860,10/1,264.84,40.721926,-73.990039
1861,10/1,264.84,40.812243,-73.923060
1862,10/1,264.84,40.736670,-73.977974
1863,10/1,264.84,40.822611,-73.917138
1864,10/2,264.82,40.822104,-73.918977
1865,10/2,264.82,40.625949,-74.155730
1866,10/2,264.82,40.633022,-74.163342
1867,10/2,264.82,40.633022,-74.163342
1868,10/2,264.82,40.675309,-73.885760
1869,10/2,264.82,40.812644,-73.920650
1870,10/2,264.82,40.702360,-73.912874
1871,10/3,264.78,40.631837,-73.885656
1872,10/3,264.78,40.631415,-73.888006
1873,10/4,264.83,40.633584,-74.007958
1874,10/4,264.83,40.633584,-74.007958
1875,10/4,264.83,40.633584,-74.007958
1876,10/4,264.83,40.730593,-73.987304
1877,10/4,264.83,40.640372,-74.131564
1878,10/5,264.83,40.823034,-73.918492
1879,10/5,264.83,40.823034,-73.918492
1880,10/5,264.83,40.640372,-74.131564
1881,10/7,264.86,40.811804,-73.922704
1882,10/7,264.86,40.699301,-73.951276
1883,10/7,264.86,40.660411,-73.934251
1884,10/8,264.82,40.524988,-74.188677
1885,10/8,264.82,40.524988,-74.188677
1886,10/8,264.82,40.651264,-73.940052
1887,10/8,264.82,40.690893,-73.906251
1888,10/8,264.82,40.690893,-73.906251
1889,10/8,264.82,40.690893,-73.906251
1890,10/8,264.82,40.812644,-73.920650
1891,10/9,264.85,40.687160,-73.935885
1892,10/9,264.85,40.682122,-73.953663
1893,10/9,264.85,40.639058,-73.955985
1894,10/9,264.85,40.793259,-73.944106
1895,10/10,264.85,40.819006,-73.917527
1896,10/10,264.85,40.636218,-73.948980
1897,10/10,264.85,40.636218,-73.948980
1898,10/10,264.85,40.819797,-73.910792
1899,10/10,264.85,40.679730,-73.937398
1900,10/10,264.85,40.679730,-73.937398
1901,10/11,264.87,40.812737,-73.914249
1902,10/11,264.87,40.812737,-73.914249
1903,10/11,264.87,40.675617,-73.941013
1904,10/11,264.87,40.821976,-73.919006
1905,10/11,264.87,40.821976,-73.919006
1906,10/11,264.87,40.812243,-73.923060
1907,10/11,264.87,40.812452,-73.921861
1908,10/12,264.86,40.725380,-73.996815
1909,10/12,264.86,40.725380,-73.996815
1910,10/12,264.86,40.725380,-73.996815
1911,10/12,264.86,40.796036,-73.964384
1912,10/12,264.86,40.796036,-73.964384
1913,10/12,264.86,40.633195,-74.162059
1914,10/12,264.86,40.633524,-74.161671
1915,10/12,264.86,40.633524,-74.161671
1916,10/12,264.86,40.824869,-73.916037
1917,10/14,264.7,40.603619,-73.998423
1918,10/14,264.7,40.603619,-73.998423
1919,10/14,264.7,40.603619,-73.998423
1920,10/14,264.7,40.603619,-73.998423
1921,10/14,264.7,40.603619,-73.998423
1922,10/14,264.7,40.797263,-73.940519
1923,10/14,264.7,40.746024,-73.980458
1924,10/14,264.7,40.797393,-73.945304
1925,10/15,264.7,40.727262,-73.982662
1926,10/15,264.7,40.690277,-73.841044
1927,10/15,264.7,40.869664,-73.845183
1928,10/15,264.7,40.805248,-73.934689
1929,10/15,264.7,40.840520,-73.938372
1930,10/15,264.7,40.719096,-73.776239
1931,10/15,264.7,40.719096,-73.776239
1932,10/15,264.7,40.719096,-73.776239
1933,10/15,264.7,40.719096,-73.776239
1934,10/16,264.7,40.861062,-73.840271
1935,10/16,264.7,40.772615,-73.947307
1936,10/16,264.7,40.772615,-73.947307
1937,10/16,264.7,40.836132,-73.929867
1938,10/16,264.7,40.633129,-74.141576
1939,10/16,264.7,40.837907,-73.942577
1940,10/16,264.7,40.837907,-73.942577
1941,10/16,264.7,40.848148,-73.868928
1942,10/16,264.7,40.819815,-73.918514
1943,10/16,264.7,40.810832,-73.916326
1944,10/17,264.79,40.834041,-73.909361
1945,10/17,264.79,40.867805,-73.862504
1946,10/17,264.79,40.734795,-73.990778
1947,10/17,264.79,40.734795,-73.990778
1948,10/17,264.79,40.668902,-73.958611
1949,10/17,264.79,40.653183,-73.966213
1950,10/17,264.79,40.653183,-73.966213
1951,10/17,264.79,40.653183,-73.966213
1952,10/17,264.79,40.653183,-73.966213
1953,10/17,264.79,40.665690,-73.956868
1954,10/17,264.79,40.665690,-73.956868
1955,10/17,264.79,40.627477,-74.148139
1956,10/17,264.79,40.627477,-74.148139
1957,10/17,264.79,40.627477,-74.148139
1958,10/17,264.79,40.811517,-73.922036
1959,10/17,264.79,40.811517,-73.922036
1960,10/17,264.79,40.811517,-73.922036
1961,10/17,264.79,40.811104,-73.916836
1962,10/17,264.79,40.699663,-73.995687
1963,10/18,264.71,40.690486,-73.939515
1964,10/18,264.71,40.595944,-73.771358
1965,10/18,264.71,40.595944,-73.771358
1966,10/18,264.71,40.595944,-73.771358
1967,10/18,264.71,40.811332,-73.935336
1968,10/18,264.71,40.658073,-73.961372
1969,10/18,264.71,40.821960,-73.917053
1970,10/19,264.83,40.819943,-73.919340
1971,10/19,264.83,40.592645,-73.981895
1972,10/19,264.83,40.569344,-74.136330
1973,10/20,264.82,40.843526,-73.937993
1974,10/21,264.85,40.667483,-73.904839
1975,10/21,264.85,40.667483,-73.904839
1976,10/21,264.85,40.685810,-73.958379
1977,10/21,264.85,40.685810,-73.958379
1978,10/21,264.85,40.685810,-73.958379
1979,10/22,264.83,40.731946,-73.990228
1980,10/22,264.83,40.765124,-73.887184
1981,10/22,264.83,40.618219,-73.958139
1982,10/22,264.83,40.618219,-73.958139
1983,10/22,264.83,40.843879,-73.886797
1984,10/23,264.85,40.813674,-73.922862
1985,10/23,264.85,40.810885,-73.922009
1986,10/25,264.79,40.812243,-73.923060
1987,10/25,264.79,40.789687,-73.950862
1988,10/25,264.79,40.789687,-73.950862
1989,10/25,264.79,40.789687,-73.950862
1990,10/25,264.79,40.789687,-73.950862
1991,10/25,264.79,40.789687,-73.950862
1992,10/25,264.79,40.789687,-73.950862
1993,10/25,264.79,40.789687,-73.950862
1994,10/25,264.79,40.789687,-73.950862
1995,10/25,264.79,40.789687,-73.950862
1996,10/25,264.79,40.789687,-73.950862
1997,10/25,264.79,40.789687,-73.950862
1998,10/25,264.79,40.789687,-73.950862
1999,10/27,264.66,40.887031,-73.843322
2000,10/27,264.66,40.884805,-73.845210
2001,10/28,264.7,40.820653,-73.893139
2002,10/28,264.7,40.820653,-73.893139
2003,10/29,264.61,40.810885,-73.922009
2004,10/29,264.61,40.613482,-73.954083
2005,10/29,264.61,40.666581,-73.892526
2006,10/29,264.61,40.823850,-73.902667
2007,10/30,264.68,40.669221,-73.876466
2008,10/30,264.68,40.812950,-73.921414
2009,10/30,264.68,40.634705,-73.950034
2010,10/30,264.68,40.629528,-73.966018
2011,10/30,264.68,40.629528,-73.966018
2012,10/30,264.68,40.812243,-73.923060
2013,10/30,264.68,40.824920,-73.902775
2014,10/30,264.68,40.762963,-73.887657
2015,10/31,264.71,40.813263,-73.924801
2016,10/31,264.71,40.820483,-73.936293
2017,10/31,264.71,40.556339,-74.211388
2018,10/31,264.71,40.556339,-74.211388
2019,10/31,264.71,40.556339,-74.211388
2020,10/31,264.71,40.887980,-73.843604
2021,10/31,264.71,40.664832,-73.906051
2022,10/31,264.71,40.625060,-74.148744
2023,10/31,264.71,40.625060,-74.148744
2024,10/31,264.71,40.630750,-74.139302
2025,10/31,264.71,40.630750,-74.139302
2026,10/31,264.71,40.812690,-73.914717
2027,10/31,264.71,40.877026,-73.865862
2028,11/1,264.79,40.707875,-73.784774
2029,11/1,264.79,40.707875,-73.784774
2030,11/1,264.79,40.661108,-73.919030
2031,11/1,264.79,40.661108,-73.919030
2032,11/1,264.79,40.839146,-73.837263
2033,11/1,264.79,40.659013,-73.920030
2034,11/1,264.79,40.823850,-73.902667
2035,11/2,264.75,40.884805,-73.845210
2036,11/3,264.7,40.633194,-73.958127
2037,11/3,264.7,40.811804,-73.922704
2038,11/3,264.7,40.821821,-73.903748
2039,11/4,264.55,40.688044,-73.947748
2040,11/4,264.55,40.688044,-73.947748
2041,11/4,264.55,40.694338,-73.935250
2042,11/4,264.55,40.825432,-73.953749
2043,11/4,264.55,40.825432,-73.953749
2044,11/4,264.55,41.189603,-73.959895
2045,11/4,264.55,41.189603,-73.959895
2046,11/5,264.63,40.661108,-73.919030
2047,11/5,264.63,40.631642,-74.161709
2048,11/5,264.63,40.631642,-74.161709
2049,11/5,264.63,40.631642,-74.161709
2050,11/5,264.63,40.631667,-74.165570
2051,11/5,264.63,40.823037,-73.903638
2052,11/5,264.63,40.886898,-73.845180
2053,11/5,264.63,40.825736,-73.902462
2054,11/5,264.63,40.821666,-73.904538
2055,11/6,264.61,40.826513,-73.903470
2056,11/6,264.61,40.817487,-73.866419
2057,11/7,264.55,40.797960,-73.943026
2058,11/7,264.55,40.797960,-73.943026
2059,11/7,264.55,40.797960,-73.943026
2060,11/7,264.55,40.649975,-73.928419
2061,11/7,264.55,40.649975,-73.928419
2062,11/7,264.55,40.649975,-73.928419
2063,11/7,264.55,40.649975,-73.928419
2064,11/7,264.55,40.824920,-73.902775
2065,11/7,264.55,40.883231,-73.846167
2066,11/7,264.55,40.883231,-73.846167
2067,11/7,264.55,40.733239,-73.981207
2068,11/7,264.55,40.733239,-73.981207
2069,11/8,264.53,40.641388,-73.969425
2070,11/8,264.53,40.641388,-73.969425
2071,11/8,264.53,40.641388,-73.969425
2072,11/8,264.53,40.652928,-73.959327
2073,11/8,264.53,40.641388,-73.969425
2074,11/8,264.53,40.821838,-73.905218
2075,11/9,264.49,40.662239,-73.939972
2076,11/9,264.49,40.823037,-73.903638
2077,11/10,264.43,40.734795,-73.990778
2078,11/10,264.43,40.822611,-73.917138
2079,11/10,264.43,40.822611,-73.917138
2080,11/11,264.37,40.634105,-74.144154
2081,11/12,264.33,40.729938,-73.987759
2082,11/12,264.33,40.729938,-73.987759
2083,11/12,264.33,40.821960,-73.917053
2084,11/12,264.33,40.823027,-73.904364
2085,11/13,264.34,40.869688,-73.867241
2086,11/13,264.34,40.699423,-73.981680
2087,11/13,264.34,40.821960,-73.917053
2088,11/14,264.55,40.589573,-73.925843
2089,11/14,264.55,40.589573,-73.925843
2090,11/14,264.55,40.819815,-73.918514
2091,11/14,264.55,40.848089,-73.856271
2092,11/14,264.55,40.848089,-73.856271
2093,11/14,264.55,40.848089,-73.856271
2094,11/14,264.55,40.822798,-73.917883
2095,11/14,264.55,40.640372,-74.131564
2096,11/14,264.55,40.640372,-74.131564
2097,11/15,264.48,40.637792,-74.133501
2098,11/15,264.48,40.626075,-73.933462
2099,11/15,264.48,40.626075,-73.933462
2100,11/15,264.48,40.662639,-73.774043
2101,11/15,264.48,40.662639,-73.774043
2102,11/15,264.48,40.662639,-73.774043
2103,11/15,264.48,40.662639,-73.774043
2104,11/16,264.48,40.822611,-73.917138
2105,11/17,264.49,40.821482,-73.919467
2106,11/17,264.49,40.826050,-73.902836
2107,11/18,264.46,40.822798,-73.917883
2108,11/18,264.46,40.639119,-74.170999
2109,11/19,264.5,40.821060,-73.918083
2110,11/19,264.5,40.657342,-73.954591
2111,11/19,264.5,40.716007,-73.818457
2112,11/20,264.24,40.688591,-73.974228
2113,11/20,264.24,40.632149,-74.165244
2114,11/20,264.24,40.632149,-74.165244
2115,11/20,264.24,40.841095,-73.936038
2116,11/20,264.24,40.841095,-73.936038
2117,11/21,264.26,40.821976,-73.919006
2118,11/22,264.28,40.837649,-73.929372
2119,11/22,264.28,40.634179,-73.944878
2120,11/22,264.28,40.634179,-73.944878
2121,11/22,264.28,40.634179,-73.944878
2122,11/22,264.28,40.821040,-73.890239
2123,11/22,264.28,40.821040,-73.890239
2124,11/22,264.28,40.821040,-73.890239
2125,11/23,264.26,40.821482,-73.919467
2126,11/23,264.26,40.810137,-73.926491
2127,11/24,264.11,40.824271,-73.889845
2128,11/24,264.11,40.819815,-73.918514
2129,11/25,264.1,40.683765,-73.986996
2130,11/25,264.1,40.683765,-73.986996
2131,11/28,264.38,40.825503,-73.904414
2132,11/28,264.38,40.831035,-73.862299
2133,11/28,264.38,40.831035,-73.862299
2134,11/28,264.38,40.636489,-74.134242
2135,11/28,264.38,40.636489,-74.134242
2136,11/28,264.38,40.825736,-73.902462
2137,11/29,264.29,40.823037,-73.903638
2138,11/30,264.34,40.670237,-73.873627
2139,12/1,264.3,40.818511,-73.904851
2140,12/2,264.19,40.695705,-73.944412
2141,12/2,264.19,40.687159,-73.941443
2142,12/2,264.19,40.620528,-74.169134
2143,12/3,264.14,40.816948,-73.906193
2144,12/4,264.07,40.817106,-73.908225
2145,12/4,264.07,40.670780,-73.847870
2146,12/4,264.07,40.670780,-73.847870
2147,12/4,264.07,40.824920,-73.902775
2148,12/4,264.07,40.824920,-73.902775
2149,12/4,264.07,40.736469,-73.985169
2150,12/5,263.94,40.885437,-73.846062
2151,12/6,263.94,40.817106,-73.908225
2152,12/6,263.94,40.634040,-73.920121
2153,12/7,263.85,40.815603,-73.904760
2154,12/7,263.85,40.815603,-73.904760
2155,12/7,263.85,40.815603,-73.904760
2156,12/8,263.98,40.817106,-73.908225
2157,12/8,263.98,40.793868,-73.937502
2158,12/8,263.98,40.817726,-73.849321
2159,12/10,263.91,40.815603,-73.904760
2160,12/11,263.99,40.748068,-73.880009
2161,12/11,263.99,40.638473,-74.170994
2162,12/11,263.99,40.809449,-73.955421
2163,12/11,263.99,40.809449,-73.955421
2164,12/12,263.97,40.724526,-73.975675
2165,12/12,263.97,40.696633,-73.946529
2166,12/12,263.97,40.694982,-73.974009
2167,12/13,263.94,40.757750,-73.869292
2168,12/13,263.94,40.815176,-73.925452
2169,12/13,263.94,40.815176,-73.925452
2170,12/13,263.94,40.635064,-74.141629
2171,12/13,263.94,40.805248,-73.934689
2172,12/13,263.94,40.807233,-73.921143
2173,12/15,263.89,40.709080,-73.957488
2174,12/15,263.89,40.709080,-73.957488
2175,12/15,263.89,40.709080,-73.957488
2176,12/18,263.81,40.760549,-73.923529
2177,12/18,263.81,40.760549,-73.923529
2178,12/18,263.81,40.760549,-73.923529
2179,12/19,263.76,40.812613,-73.909557
2180,12/20,263.76,40.628933,-74.116188
2181,12/23,263.68,40.888315,-73.859834
2182,12/24,263.68,40.798580,-73.948326
2183,12/29,263.75,40.824063,-73.944799
2184,12/30,263.69,40.822056,-73.944052
2185,12/30,263.69,40.822056,-73.944052
2186,12/30,263.69,40.822056,-73.944052